# fv	偏移	guid	类型	UI名	文件大小	映像	映像大小	映像sha256	depex
FD	0x48	ffffffff-ffff-ffff-ffff-ffffffffffff	PAD	-	3976	-	-	-	-
FD	0xfe8	8af09f13-44c5-96ec-1437-dd899cb5ee5d	SEC	-	282624	TE	278728	72d37b8d1c0ba0c9dd1e946004c995760c6ee4256865166f38c2eaca720f8e40	-
FD	0x46000	dde58710-41cd-4306-dbfb-3fa90bb1d2dd	FREEFORM	uefiplat.cfg	10555	-	-	-	-
FD	0x48958	9e21fd93-9c72-4c15-8c4b-e77f1db2d792	FV_IMAGE	-	4279552	-	-	-	-
DXE	0x78	fc510ee7-ffdc-11d4-bd41-0080c73c8881	FREEFORM	-	1940	-	-	-	-
DXE	0x828	d6a2cb7f-6a18-4e2f-b43b-9920a733700a	DXE_CORE	DxeCore	196632	PE32	196608	e4201937bf198cbc079c4f679722b6da4cfce0aa96c8b25e9fe58810c31519c4	-
DXE	0x30858	80cf7257-87ab-47f9-a3fe-d50b76d89541	DRIVER	PcdDxe	45618	PE32	45056	1cb8e6a9e460f0b4049e562b56c5c94b9c4db7abd712eb6cf352858d46525afd	0608
DXE	0x3baa8	90a49afd-422f-08ae-9611-e788d3804845	DRIVER	EnvDxe	73758	PE32	73728	94f92928be5f5f385eaa38ff2a0c488cf9f6441a0c0366044fd6db3a1813085b	0608
DXE	0x4dae0	d93ce3d8-a7eb-4730-8c8e-cc466a9ecc3c	DRIVER	RscRtDxe	40994	PE32	40960	3d5a2dd08348946ae50180ed6d3ac7337e0184ba421ce49398bd8216913712f9	0608
DXE	0x57b20	6c2004ef-4e0e-4be4-b14c-340eb4aa5891	DRIVER	SCHandlerRtDxe	32830	PE32	32768	8a666badd3847a7889c306385a6c6323014f0f0908d21a53be9773e253825d7f	0236292186760ec841a03a2af2fc1c39e208
DXE	0x5fb78	b8d9777e-d72a-451f-9bdb-bafb52a68415	DRIVER	ArmCpuDxe	53316	PE32	53248	fc161b7561de94673eb790ebccd43eb6cff9ca09e0621bb258cabed114895d37	02eab390283d054316ad0cd64808da3ff10222838932a12d4a47baaaf3f7cf5694700408
DXE	0x6cbd8	b601f8c4-43b7-4784-95b1-f4226cb40cee	DRIVER	RuntimeDxe	32806	PE32	32768	e804b5434eeb61e7ad57746e705bd1fcbd4dc33c2ffc07e23970bc3176e4fbc2	0608
DXE	0x74c18	5e0eae60-eaed-4d75-b8bf-edbbaabc3f09	DRIVER	SecurityDxe	86048	PE32	86016	310e7599f5a698634b6a9b18046ba0f94b9afbb7a4eeb8d6d91505e4275be1b5	-
DXE	0x89c50	125e61d7-e824-4943-8be9-1add2b197360	DRIVER	MorPpiDxe	45084	PE32	45056	a6259529b02a52e9aa3f2a9372645da19ccdb9234c380a1c1e83ec63a7fcbced	-
DXE	0x94c88	f099d67f-71ae-4c36-b2a3-dceb0eb2b7d8	DRIVER	WatchdogTimer	28732	PE32	28672	a9cf112c13cb69fd46db5b80bc79fbb8ac9ef07b93bec0c95065cbd44896b985	02b3ccba26426fd411bce70080c73c888108
DXE	0x9bce0	42857f0a-13f2-4b21-8a23-53d3f714b840	DRIVER	CapsuleRuntimeDxe	77964	PE32	77824	7e3d76cc0d228854c2529e3d2c3ccbaaca37ba840179bb50efbcab3d5dc6a0de	027469d90faa23dc4cb9cb98d17750322a0272c19fefb2a19346b3276d32fc41604202d7727e5850cc794f8209ca291fc1a10f02e268561e8184d411bcf10080c73c88810218f841646263444eb5707dba31dd24530303030308
DXE	0xaed88	04de8591-d2b3-4077-bbbe-b12070094eb6	DRIVER	I2C	41052	PE32	40960	995533142fcfeca786ca96e53046a49cf4ca8ff0055d20d7ac583c71b4b4aa4e	0242b937ae7f45914ca196d9669fd347a302e6fa1a245f886c4fa7eac28eab79c3e50218ec9aadf07b09489e963012309f3df702b3ccba26426fd411bce70080c73c888103030308
DXE	0xb8e00	8681cc5a-0df6-441e-b4b8-e915c538f067	DRIVER	DALTLMM	41008	PE32	40960	88ad00493745e47dd5a50eed38fa519fb1c24dd2a0a5eb4903971155afd14b47	0242b937ae7f45914ca196d9669fd347a308
DXE	0xc2e48	a26dd3c1-f993-418f-91db-9c21d0f51468	DRIVER	GpioConfigDxe	28732	PE32	28672	38bf9b385714bcca0ac8319c96f825c8c658616228d258e986876771833abbb5	0218ec9aadf07b09489e963012309f3df708
DXE	0xc9ea0	4938dac6-1b47-4ed1-56b4-860ecd99b923	DRIVER	HwOpenWdtDxe	36922	PE32	36864	22336540762741f86c6c104d80281e797ed7fc50975bfb7c4c8bdc3b3f067432	02f6f0a3134a26f03ef2e0dec512342f3408
DXE	0xd2ef8	37795ba0-e1cf-4ed5-bd8b-16df6bcb1e1a	DRIVER	EmbeddedMonotonicCounter	32834	PE32	32768	fcac44d1c7236efcb3df434f3b7de9ec7c3a20ca1455502ecfc9cd55816fdcb2	0608
DXE	0xdaf58	3ae17db7-3cc5-4b89-9304-9549211057ef	DRIVER	ResetRuntimeDxe	41024	PE32	40960	5d25bf76bad1abebf454522bc4751f8bf8f434a36cf38440b049b6a0435b0394	026b305ffa7df4c44aa47d882f8204ec3008
DXE	0xe4fb0	b336f62d-4135-4a55-ae4e-4971bbf0885d	DRIVER	RealTimeClock	36908	PE32	36864	879dd231f64d279c1314078e3a52b1a50b775de96ea1c438496a880f9b2f994c	0608
DXE	0xedff8	4c6e0267-c77d-410d-8100-1495911a989d	DRIVER	MetronomeDxe	28714	PE32	28672	87b1f0dae776cc9520104a669a6a44fa70fb31f656d44b0d4b2966df6d5768be	0608
DXE	0xf5040	348c4d62-bfbd-4882-9ece-c80bb1c4783b	DRIVER	HiiDatabase	139304	PE32	139264	b01f2146f090e0eaf37a0aaeea67260de281eeb1b53fd10ba201c2da2da9652f	0608
DXE	0x117080	ed15ffd5-bc96-4107-9118-95366600188e	DRIVER	FontDxe	36948	PE32	36864	0f150dc69be850314a2f65b57098174d04136f26b3ce7ff73aae6b5c4634ab24	027469d90faa23dc4cb9cb98d17750322a0272c19fefb2a19346b3276d32fc41604202d7727e5850cc794f8209ca291fc1a10f030308
DXE	0x1200f0	040e1e61-0afb-411b-9ec9-00f3fc59cc13	DRIVER	QcomWDogDxe	32808	PE32	32768	c53872d5cd8a3d1c21d3eb403833ac44ebbd9cffb360994bf31a5bdcdc0c91cf	0608
DXE	0x128130	de371f7c-dec4-4d21-adf1-593abcc15882	DRIVER	ArmGicDxe	36900	PE32	36864	f322f5046dcb8d89fbeb9f50c5681adc9220fd299a2a155b077125a00142d78b	0608
DXE	0x131170	49ea041e-6752-42ca-b0b1-7344fe2546b7	DRIVER	ArmTimerDxe	32824	PE32	32768	5c46e8a49ed9b4359182fa708959849784f37151727fcf2eb671575ce101188b	02eab390283d054316ad0cd64808da3ff108
DXE	0x1391c0	10e193df-9966-44e7-b17c-59dd831e20fc	DRIVER	ChipInfo	49218	PE32	49152	d9e91ee49a31f3305e18a4d7e77bff6bd853c3efff86879dda645f34c17febdb	0242b937ae7f45914ca196d9669fd347a3027cde619e2799284f9f3d320705d818010308
DXE	0x145220	b105211b-bbbd-4add-a3b0-d1cf4a52154c	DRIVER	PlatformInfoDxeDriver	32844	PE32	32768	87deab235065d14e7f3bee2241748758428a17ea1e47d00bb95637b2fe864d86	0242b937ae7f45914ca196d9669fd347a308
DXE	0x14d288	8e9bd160-b184-11df-94e2-0800200c9a66	DRIVER	DALSys	491566	PE32	491520	81022c6cdaea485d538f5cd73b5cc6fb69b49a1794c9d0c44fc1a508fc95a4fc	02d0c7e5f439d2cb47aacd7f66ef76323808
DXE	0x1c52d0	af9763a2-033b-4109-8e17-56a98d380c92	DRIVER	HWIODxeDriver	32828	PE32	32768	ec3a001556bae3065b06641281e5863a7b6266221005b3cf76b1af1e1f9408b2	0242b937ae7f45914ca196d9669fd347a308
DXE	0x1cd328	9b680fce-ad6b-4f3a-b60b-f59899003443	DRIVER	DevicePathDxe	77868	PE32	77824	fdeba0ba6aead1aacb9a917aa027c8101794fb0f8750664bc37f7843bfe4be77	0608
DXE	0x1e0370	6b38f7b4-ad98-40e9-9093-aca2b5a253c4	DRIVER	DiskIoDxe	45084	PE32	45056	5968ed2ef8c82f62cd58d645507d8e913b747491989bfb4b5c453bf97d8f9c5e	-
DXE	0x1eb3a8	1fa1f39e-feff-4aae-bd7b-38a070a3b609	DRIVER	PartitionDxe	53282	PE32	53248	a8ab8d32874cba564d8494946cc7a312067c8942c236668a67a58f99575a8cc2	-
DXE	0x1f83e8	961578fe-b6b7-44c3-af35-6bc705cd2b1f	DRIVER	Fat	65552	PE32	65536	d3f3cf6fb8e1c38de7e4a846fe045cdb15e11d84db4606c1b1cc9987a5b3f0e2	-
DXE	0x208410	cd3bafb6-50fb-4fe8-8e4e-ab74d2c1a600	DRIVER	EnglishDxe	32798	PE32	32768	f7ea42f6c20c47f12205f86d2041f717ef89e5a992a97ae39bb1ef644c95370f	-
DXE	0x210448	907125c0-a5f1-11e3-a3fe-a3198b49350c	DRIVER	FvSimpleFileSystem	45102	PE32	45056	9e72bca34dff469da75024d0f3daaa79e015363b467bcff640eab5367d665afe	-
DXE	0x21b490	0d35cd8e-97ea-4f9a-96af-0f0d89f76567	DRIVER	UFSDxe	127022	PE32	126976	bc9596280b94fb8d1eae93fffbb9cc550595ae80be092c072ceeb3cae4dd8a41	02d0c7e5f439d2cb47aacd7f66ef76323808
DXE	0x23a4d8	aba01ff8-2ccb-4e12-8b2e-cd3f4a742993	DRIVER	CmdDbDxe	32802	PE32	32768	545094a7a2aa0912f1240a2c5c47d7489de5adcf5354301a122bbbf637c9d9a5	0608
DXE	0x242518	0401b830-bff9-44a2-a5f6-95734a33c017	DRIVER	PwrUtilsDxe	32808	PE32	32768	23f18dadddf91190f2940ac8ce7cf6d0886f87e2b6d08e87750041b930ac85a1	0608
DXE	0x24a558	cb29f4d1-7f37-4692-a416-93e82e219766	DRIVER	RpmhDxe	65584	PE32	65536	5e83b133f6603299d857bb662ef2a246a3ded4bc61f62cc4e226eeb25af7c625	0242b937ae7f45914ca196d9669fd347a308
DXE	0x25a5a0	a9364d88-4e65-4446-9620-ad7951778125	DRIVER	SystemPasswordDxe	204956	PE32	204800	8cf06f94db1e775f302a5edbe79adbd491c26520ed4ddc69ad718af081db7ed0	02f63f5e66cc46d4119a380090273fc14d02f6f0a3134a26f03ef2e0dec512342f34027469d90faa23dc4cb9cb98d17750322a0272c19fefb2a19346b3276d32fc41604202d7727e5850cc794f8209ca291fc1a10f02e268561e8184d411bcf10080c73c8881030303030308
DXE	0x28c658	cb29f4d1-7f37-4692-a416-93e82e219711	DRIVER	NpaDxe	73758	PE32	73728	2542bfce05e37467fadec47f87996da1fb17220b8092686d8da7800c985f160c	0608
DXE	0x29e690	e43128a8-8692-42b6-8afa-676158578d18	DRIVER	ULogDxe	77856	PE32	77824	6758e2b5e6bf744776fbe86bed12fd8787de64b45ba35284c7c4c853286e8d0a	0608
DXE	0x2b16c8	8bd3b475-401a-4b0b-9315-edee61a1eae5	DRIVER	VcsDxe	49214	PE32	49152	a5f9880b1b8a35b4d126e99765f2b9cdc4c2854c13fe781e1054b97efcb7c37c	0242b937ae7f45914ca196d9669fd347a302690476b00c977a48a4b528db7b45cef10308
DXE	0x2bd720	4db5dea6-5302-4d1a-8a82-677a683b0d29	DRIVER	ClockDxe	262210	PE32	262144	44577e29f0c1a8cc48f6d199974bf49bad361e61dd8dc7859b9d09d795a2da7a	0242b937ae7f45914ca196d9669fd347a302690476b00c977a48a4b528db7b45cef10308
DXE	0x2fd780	5824f9de-17d2-4b1f-a5fe-5eb77fa53093	DRIVER	ICBDxe	53310	PE32	53248	481e2eb4e66db2bd1525ea62f2c65caf26effa377773ef46289e0ee34b784b87	0242b937ae7f45914ca196d9669fd347a302690476b00c977a48a4b528db7b45cef10308
DXE	0x30a7d8	2a7b4bef-80cd-49e1-b473-374ba4d673fc	DRIVER	SPMI	45082	PE32	45056	0e849962d58d372167886edac16a8471ac294a3747d92c51e7e79783a3be8255	0608
DXE	0x315810	f541d663-4a48-40aa-aabf-ff158ccae34c	DRIVER	SmemDxe	40992	PE32	40960	390846d65c5fe804821233b2ed8d036b975af09e8ad04f62d13d3b2c620f94fe	0608
DXE	0x31f848	5a50aa81-c3ae-4608-a0e3-41a2e69baf94	DRIVER	QcomBds	278684	PE32	278528	b879c48986284882df30ae88f22fabe38a9b9b60b38d5cea169c01f6db23da92	02f6f0a3134a26f03ef2e0dec512342f3402e268561e8184d411bcf10080c73c8881027469d90faa23dc4cb9cb98d17750322a0272c19fefb2a19346b3276d32fc41604202d7727e5850cc794f8209ca291fc1a10f0218f841646263444eb5707dba31dd245302215b4e965964d2118e3900a0c969723b03030303030308
DXE	0x363900	dcfc22c0-a513-11e3-b576-446d571553eb	DRIVER	OsRecoveryServiceDxe	127174	PE32	126976	2ae536df60bedf2a0f1c77dad5bbbd5e5e72273769777646302ddeabfa7965e6	02dea94290dc23384a96fb7aded080516a02f6f0a3134a26f03ef2e0dec512342f340218f841646263444eb5707dba31dd245302215b4e965964d2118e3900a0c969723b027469d90faa23dc4cb9cb98d17750322a0272c19fefb2a19346b3276d32fc41604202d7727e5850cc794f8209ca291fc1a10f02e268561e8184d411bcf10080c73c88810303030303030308
DXE	0x3829e0	a1124b16-43f6-4b90-a19a-c006e54500af	DRIVER	HwBcdOneKey	155776	PE32	155648	86aeccacaa309687e82fde63e50b3633503f134c77b82a452e670c4e749cb325	02f6f0a3134a26f03ef2e0dec512342f34027469d90faa23dc4cb9cb98d17750322a0272c19fefb2a19346b3276d32fc41604202d7727e5850cc794f8209ca291fc1a10f02e268561e8184d411bcf10080c73c88810303030308
DXE	0x3a8a78	5bd181db-0487-4f1a-ae73-820e165611b3	DRIVER	ButtonsDxe	41066	PE32	40960	59b81609721a5f0c9187ec66dd60ed727b978f684f91d03b72b2eb7d0bb783f5	02c1777438c769d2118e3900a0c969723b02455c7a15b221c543ba7c822fee5fe59902d7c6c54ba44c3588d1bcd29cc2025d4a02665ba49ba4ef1c44a3e4ed2224786be203030308
DXE	0x3b2b00	b8e62775-bb0a-43f0-a843-5be8b14f8ccd	DRIVER	BootGraphicsResourceTableDxe	36930	PE32	36864	db2e80985ca78bab9e1d684bca0278f3c1372997864ec5d9f5562571206f8d6a	-
DXE	0x3bbb60	83ec3fc9-cb74-4b2b-89b9-e98f0972f2a8	DRIVER	RotateScreen	45114	PE32	45056	ce15da2df0e74049e94cd1677864774a18cb7ac5204dad64113107ea44cda6df	02f6f0a3134a26f03ef2e0dec512342f3408
DXE	0x3c6bb8	8c88da42-7ca9-40b6-9fd3-473b8a19525a	DRIVER	TouchPanelInit	28734	PE32	28672	77d62aa196f002e949c59134cc9b5eea4a57a9c24acdb3541818f24b706c4a96	0218ec9aadf07b09489e963012309f3df708
DXE	0x3cdc10	8c88da42-7ca9-40b6-9fd3-473b8a77cc5a	DRIVER	I2cTouchPanel	37140	PE32	36864	dcb5dae9171d4d53818e66873807feded591ed5b8368b3014f40265337f95858	022bd3598d55c6e94a9b15f25904992a4302f63f5e66cc46d4119a380090273fc14d02b1ccba26426fd411bce70080c73c888102b2ccba26426fd411bce70080c73c8881027270a91ddcbd304b99f172a0b56fff2a0287accf27cc46d4119a380090273fc14d0288accf27cc46d4119a380090273fc14d02e1b4dfb72f059f4487be9818fc91b73302e32364a41746f149b9ffd1bfa911583902b3ccba26426fd411bce70080c73c88810218f841646263444eb5707dba31dd245302e268561e8184d411bcf10080c73c888102f53f5e66cc46d4119a380090273fc14d03030303030303030303030308
DXE	0x3d6d40	8c88da42-7ca9-40b6-9fd3-473b8a77c5ca	DRIVER	SoftKeyBoard	45366	PE32	45056	662a3eb85365d8f508d7d0a90811ba61cd9d407eee866791e763c514f3ec7e0d	022bd3598d55c6e94a9b15f25904992a4302dea94290dc23384a96fb7aded080516a027547cae95786fc4797e77ed65a08432402f63f5e66cc46d4119a380090273fc14d02b1ccba26426fd411bce70080c73c888102b2ccba26426fd411bce70080c73c8881027270a91ddcbd304b99f172a0b56fff2a0287accf27cc46d4119a380090273fc14d0288accf27cc46d4119a380090273fc14d02e1b4dfb72f059f4487be9818fc91b73302e32364a41746f149b9ffd1bfa911583902b3ccba26426fd411bce70080c73c88810218f841646263444eb5707dba31dd245302e268561e8184d411bcf10080c73c888102f53f5e66cc46d4119a380090273fc14d030303030303030303030303030308
DXE	0x3e1e90	999bd818-7df7-4a9a-a502-9b75033e6a0f	DRIVER	EsrtDxe	36928	PE32	36864	6ea00ff6a3ea7821717d87118e94e16bc1b0628b73601802097010046f9ee8d1	02e268561e8184d411bcf10080c73c88810218f841646263444eb5707dba31dd24530308
DXE	0x3eaee8	ea888df7-d431-44af-844c-7b29390f2758	DRIVER	RscDxe	36894	PE32	36864	dd7c3f508a55152450a87d60517c2565db0588e36c9e7dfe166542d4c3326d11	0608
DXE	0x3f3f20	9a00771f-36d4-4dd5-8916-c48ed9b16b86	DRIVER	HALIOMMU	53494	PE32	53248	2a6e907493bdfe6240757a976e77567d76bc9a3682d1c9bd5eba6d45cff6fe72	02f63f5e66cc46d4119a380090273fc14d02b1ccba26426fd411bce70080c73c888102b2ccba26426fd411bce70080c73c8881027270a91ddcbd304b99f172a0b56fff2a0287accf27cc46d4119a380090273fc14d0288accf27cc46d4119a380090273fc14d02e1b4dfb72f059f4487be9818fc91b73302e32364a41746f149b9ffd1bfa911583902b3ccba26426fd411bce70080c73c88810218f841646263444eb5707dba31dd245302e268561e8184d411bcf10080c73c888102f53f5e66cc46d4119a380090273fc14d030303030303030303030308
DXE	0x401030	6b6c2bf2-c4e8-4b54-8bf9-adaddcaf20eb	DRIVER	HALIOMMUv3	41210	PE32	40960	209942beb80b03788d9c48455c1a06e356aceecee56926dfbbcef59cce185985	02f63f5e66cc46d4119a380090273fc14d02b1ccba26426fd411bce70080c73c888102b2ccba26426fd411bce70080c73c8881027270a91ddcbd304b99f172a0b56fff2a0287accf27cc46d4119a380090273fc14d0288accf27cc46d4119a380090273fc14d02e1b4dfb72f059f4487be9818fc91b73302e32364a41746f149b9ffd1bfa911583902b3ccba26426fd411bce70080c73c88810218f841646263444eb5707dba31dd245302e268561e8184d411bcf10080c73c888102f53f5e66cc46d4119a380090273fc14d030303030303030303030308
DXE	0x40b148	a91d838e-a5fa-4138-825d-455e2303079e	FREEFORM	BDS_Menu.cfg	2980	-	-	-	-
DXE	0x40bd08	a1e235de-e825-4591-9623-c43175811826	FREEFORM	SecParti.cfg	5061	-	-	-	-
DXE	0x40d0e8	78ef0a56-1cf0-4535-b5da-f6fd2f405a25	DRIVER	FmpDxe	352410	PE32	352256	d014b7827858aabf6ed546b79601eb84a8fb8382ff345a79dfb4fd222fc8fc3e	0218f841646263444eb5707dba31dd245302e268561e8184d411bcf10080c73c888102f6f0a3134a26f03ef2e0dec512342f3402d0c7e5f439d2cb47aacd7f66ef763238027469d90faa23dc4cb9cb98d17750322a0272c19fefb2a19346b3276d32fc41604202d7727e5850cc794f8209ca291fc1a10f03030303030308
DXE	0x4631a0	da89caae-edcb-4512-97a6-18f55a6cb2dc	DRIVER	SpiNorDxe	61476	PE32	61440	d1d0393a2a107505428ff0c7d3d025de4da56a107bebff5b708979f014c3b27f	0608
DXE	0x4721e0	db9e65aa-1ab7-46fb-b829-7290bd6e6ecd	FREEFORM	-	22203	-	-	-	-
DXE	0x4778b8	ab9fde9f-aecf-4b8c-b4e0-484309e6c66c	DRIVER	SSDTDxe	45176	PE32	45056	3d0c1802b6fb534687c529c879ee17a18cff496f24cbbc0b1ab6026277768506	02dd6be0ff0761a6467bb25a9c7ec5275c027469d90faa23dc4cb9cb98d17750322a0272c19fefb2a19346b3276d32fc41604202d7727e5850cc794f8209ca291fc1a10f02e268561e8184d411bcf10080c73c88810303030308
DXE	0x482948	ee26a170-2409-4900-a57d-7ba4c61908d2	DRIVER	NvmePowerControlDxe	36920	PE32	36864	055a8ad71e622468aed16660bdf02c93dfc1cc97acc160d3cda77d4b232335f6	0608
DXE	0x48b998	bcd44e0f-ac01-49bc-b1f1-e94d0376db6a	DRIVER	EnterpriseMgtDxe	69770	PE32	69632	4e2539d5e7b363a8c4cb7b0fb6a4a91be67bcb4e3620f7dbbb20d56e20176bee	025c67d181f686df48bd959a6e4f0925c302be0008578554424e986a8a4fc4fdc8d4027ef17de09ee75041937850623a14994a02455c7a15b221c543ba7c822fee5fe599029d5b08f90493fb408fe04aee3b1a784b0303030308
DXE	0x49ca40	553c050b-6e52-435a-88cb-e9ecb0565115	DRIVER	MeasureBootDxe	53286	PE32	53248	e00df22c77de55a9aa72ee5cceb7082174c67e5855e84c4f4d6cb573ddd60a18	-
DXE	0x4a9a80	6fba2faa-9f31-4909-8414-9b612617b447	DRIVER	ShmBridgeDxe	40994	PE32	40960	b7878e1113d6562017756cfb3b8fd987342720493104bee363151baf9cc98ba8	-
DXE	0x4b3ac0	d8f91ddc-87c8-42a2-963e-8dd24a9f1fb5	DRIVER	ScmDxe	53270	PE32	53248	c62740cacc83e5c58c5b501f575e479f943ba5d26d250fc94c8091bae0038e3a	-
DXE	0x4c0af0	507e3b8e-5baf-45ea-b245-bdfbd3a9d017	DRIVER	TzDxe	81940	PE32	81920	811e24c2f6462147a988ef08cfba2c53cd36a443c62915c8c356144be6115872	-
DXE	0x4d4b20	2b0ecdce-01ae-446e-9ffd-c4217de0340f	DRIVER	VariableDxe	57384	PE32	57344	031054d2c5c2e03520f68a7048c0d05fb3965a1217b1ff016107b98f0c00a031	0608
DXE	0x4e2b60	c44697d5-b4aa-4030-9749-29860844183d	DRIVER	PmicDxe	155712	PE32	155648	0cdd45845aa342ccd9647ecc8ed725bb57b083f3f8b610af6a89ee441b28a5a9	0242b937ae7f45914ca196d9669fd347a3026b305ffa7df4c44aa47d882f8204ec300308
DXE	0x508bb8	857a8741-0eec-43bd-9482-27d14ed47d72	DRIVER	SimpleTextInOutSerial	32828	PE32	32768	cf4dfab22163b2eb9a6a7574bc141b7a90c0cae737e5f1fc25b7648c13e9c73a	0608
DXE	0x510c10	79e4a61c-ed73-4312-94fe-e3e7563362a9	DRIVER	PrintDxe	32802	PE32	32768	3b074eaeeb18c4d6f1b02139b79efbc9aa72f534e5ee1eceb85b1fd1051b0a4c	0608
DXE	0x518c50	51ccf399-4fdf-4e55-a45b-e123f84d456a	DRIVER	ConPlatformDxe	45314	PE32	45056	a40e4421d1211928d269aa3970b099c521e90321bce7caffe7a70d48e9bae852	02e268561e8184d411bcf10080c73c888102f63f5e66cc46d4119a380090273fc14d02b1ccba26426fd411bce70080c73c888102b2ccba26426fd411bce70080c73c8881027270a91ddcbd304b99f172a0b56fff2a0287accf27cc46d4119a380090273fc14d0288accf27cc46d4119a380090273fc14d02e1b4dfb72f059f4487be9818fc91b73302e32364a41746f149b9ffd1bfa911583902b3ccba26426fd411bce70080c73c88810218f841646263444eb5707dba31dd245302f53f5e66cc46d4119a380090273fc14d030303030303030303030308
DXE	0x523d70	408edcec-cf6d-477c-a5a8-b4844e3de281	DRIVER	ConSplitterDxe	57382	PE32	57344	06df5017b43247d567f9f81dd9784bf96c6025d083afbb14d2a2b15ec846cf66	-
DXE	0x531db0	cccb0c28-4b24-11d5-9a5a-0090273fc14d	DRIVER	GraphicsConsoleDxe	49198	PE32	49152	b8bcfc900b05bce1e994e933051602b77d7ac8dcdc3ab98c0a10602448571923	-
DXE	0x53ddf8	7942a7eb-b7d5-4e2e-b908-831e4de55b58	DRIVER	GlinkDxe	57394	PE32	57344	ad601385b503f313c83a6fc595ab1f5829a421cf1c902e3f263be84cb07f7eec	02d78a8552168b37419c64dfe04d942e8008
DXE	0x54be48	42031f68-1f0b-429b-93f1-0eb0cf89ddbf	DRIVER	IPCCDxe	45104	PE32	45056	96d2613f5456d9746c8d43941b5a4eb68bc7724f08a86a8a06e0044889b582e3	0242b937ae7f45914ca196d9669fd347a308
DXE	0x556e90	1b52138d-3fa3-4e50-b958-20887353f809	DRIVER	CPRDxe	69678	PE32	69632	68ed29a37f8ccae4b7464658f074a5fafe19ba25a0e86c6acf0bb8b51cfceb52	0242b937ae7f45914ca196d9669fd347a308
DXE	0x567ed8	569ea0de-b557-4043-84cf-01103fe516e5	DRIVER	GpiDxe	78066	PE32	77824	b4eb8f2a60b1d3fb2491285f34ca0f59895a78438c30db596d46fe9acfb722c4	02f63f5e66cc46d4119a380090273fc14d02b1ccba26426fd411bce70080c73c888102b2ccba26426fd411bce70080c73c8881027270a91ddcbd304b99f172a0b56fff2a0287accf27cc46d4119a380090273fc14d0288accf27cc46d4119a380090273fc14d02e1b4dfb72f059f4487be9818fc91b73302e32364a41746f149b9ffd1bfa911583902b3ccba26426fd411bce70080c73c88810218f841646263444eb5707dba31dd245302e268561e8184d411bcf10080c73c888102f53f5e66cc46d4119a380090273fc14d030303030303030303030308
DXE	0x57afe8	5ae6dddf-efe5-4a9b-80ef-acb5b5dc00c1	DRIVER	RawFileSystem	49408	PE32	49152	819521cf952440572cbc3e7699f3b2b7362e1b4beebf9c51ffc31512960dfbf2	02f63f5e66cc46d4119a380090273fc14d02b1ccba26426fd411bce70080c73c888102b2ccba26426fd411bce70080c73c8881027270a91ddcbd304b99f172a0b56fff2a0287accf27cc46d4119a380090273fc14d0288accf27cc46d4119a380090273fc14d02e1b4dfb72f059f4487be9818fc91b73302e32364a41746f149b9ffd1bfa911583902b3ccba26426fd411bce70080c73c88810218f841646263444eb5707dba31dd245302e268561e8184d411bcf10080c73c888102f53f5e66cc46d4119a380090273fc14d030303030303030303030308
DXE	0x587100	34780aec-77ad-4fde-9d90-12de7613cdec	DRIVER	RawFsSimpleFs	45312	PE32	45056	0a297f1e3a2dd9b259e98d3c0c3adca1b4e76892b36e125ea7ed32b1665560f8	02f63f5e66cc46d4119a380090273fc14d02b1ccba26426fd411bce70080c73c888102b2ccba26426fd411bce70080c73c8881027270a91ddcbd304b99f172a0b56fff2a0287accf27cc46d4119a380090273fc14d0288accf27cc46d4119a380090273fc14d02e1b4dfb72f059f4487be9818fc91b73302e32364a41746f149b9ffd1bfa911583902b3ccba26426fd411bce70080c73c88810218f841646263444eb5707dba31dd245302e268561e8184d411bcf10080c73c888102f53f5e66cc46d4119a380090273fc14d030303030303030303030308
DXE	0x592218	7a32bd23-f735-4f57-aa1a-447d2fe3be0d	DRIVER	SPI	49244	PE32	49152	21cba68985de697713c972457f9d358428b41311937d841091bfe3af25a4683e	0242b937ae7f45914ca196d9669fd347a302e6fa1a245f886c4fa7eac28eab79c3e50218ec9aadf07b09489e963012309f3df702b3ccba26426fd411bce70080c73c888103030308
DXE	0x59e290	f10f76db-42c1-533f-34a8-69be24653110	DRIVER	SdccDxe	73792	PE32	73728	c6e8a55ac34c183db9ad3ad166c6cef8c2afb222256b902ba5292e89d49b0e91	02e6fa1a245f886c4fa7eac28eab79c3e502b3ccba26426fd411bce70080c73c88810308
DXE	0x5b02e8	f09ad92e-485c-9cdb-3e05-3385c38f94cc	DRIVER	TsensDxe	32818	PE32	32768	95f6aa56f018580b320d699e29ed52cd760d4165dbfc80ead0b0ae4018d4fd72	0242b937ae7f45914ca196d9669fd347a308
DXE	0x5b8338	7db0793a-4402-4be1-906e-d0fabad2707e	DRIVER	DDRInfoDxe	40998	PE32	40960	0ad54ab97d3aedaa57f001ec6a00f8ecb80562eae7620a0e1e0e55664cc8bf7a	0608
DXE	0x5c2378	94f8a6a7-dc34-4101-88c1-99179cceae83	DRIVER	UsbfnDwc3Dxe	98614	PE32	98304	0f38e1dc37a5d95790f6b456b26eaab2f262fd8544bcef62adf31dd6385d8044	02ab31a01843b41a4da5c00c09261e9f7102455c7a15b221c543ba7c822fee5fe59902f63f5e66cc46d4119a380090273fc14d02b1ccba26426fd411bce70080c73c888102b2ccba26426fd411bce70080c73c8881027270a91ddcbd304b99f172a0b56fff2a0287accf27cc46d4119a380090273fc14d0288accf27cc46d4119a380090273fc14d02e1b4dfb72f059f4487be9818fc91b73302e32364a41746f149b9ffd1bfa911583902b3ccba26426fd411bce70080c73c88810218f841646263444eb5707dba31dd245302e268561e8184d411bcf10080c73c888102f53f5e66cc46d4119a380090273fc14d02d0c7e5f439d2cb47aacd7f66ef763238030303030303030303030303030308
DXE	0x5da4c8	beb12bee-f6e1-11e1-9fb8-6c626de4aeb1	DRIVER	XhciPciEmulation	45338	PE32	45056	8f58c06659c1394eb8a352a997c0027300b7cd9bf22d0cb216f94d4e7b1b65c8	02ab31a01843b41a4da5c00c09261e9f7102f63f5e66cc46d4119a380090273fc14d02b1ccba26426fd411bce70080c73c888102b2ccba26426fd411bce70080c73c8881027270a91ddcbd304b99f172a0b56fff2a0287accf27cc46d4119a380090273fc14d0288accf27cc46d4119a380090273fc14d02e1b4dfb72f059f4487be9818fc91b73302e32364a41746f149b9ffd1bfa911583902b3ccba26426fd411bce70080c73c88810218f841646263444eb5707dba31dd245302e268561e8184d411bcf10080c73c888102f53f5e66cc46d4119a380090273fc14d03030303030303030303030308
DXE	0x5e5600	b7f50e91-a759-412c-ade4-dcd03e7f7c28	DRIVER	XhciDxe	94232	PE32	94208	732074e3fb8c08ff22eb882420452d9df6f48e746e6f604fe27dffd43bc53d8e	-
DXE	0x5fc630	240612b7-a063-11d4-9a3a-0090273fc14d	DRIVER	UsbBusDxe	81948	PE32	81920	63ceb1775eb5654d0f47c5e4ccacd7eb3a6e62932b8f602c4f994b094d63ba86	-
DXE	0x610668	2d2e62cf-9ecf-43b7-8219-94e7fc713dfe	DRIVER	UsbKbDxe	53274	PE32	53248	b76313675e5c988884056f10eaaeb0a18c7289c05d42017317bd3210f9373621	-
DXE	0x61d6a0	9fb4b4a7-42c0-4bcd-8540-9bcc6711f83e	DRIVER	UsbMassStorageDxe	49196	PE32	49152	730dca3e0325e4fd58e4082d29bd560e610d5a4b92fa1ff417837d9f30bc6cb0	-
DXE	0x6296e8	be13e24a-8043-4ad9-b7ba-ea8d2d58262e	DRIVER	Usb4Dxe	61540	PE32	61440	b90dd4d6a9d37a0bec9151b911e97391050e6fa26206c268ebb2e786c0343e00	0296bb93a1c251824d845b23ce82f698ac02d0c7e5f439d2cb47aacd7f66ef76323802455c7a15b221c543ba7c822fee5fe599028e0897ebdfcfc649be4bd906a5b20e8603030308
DXE	0x638768	5af77f10-90df-4e7e-8325-a17ec09d5443	DRIVER	UsbMsdDxe	61476	PE32	61440	1877f961c2fb556fc38eceaa74cac507d950759c7372cf103637d36178fb94c7	0608
DXE	0x6477a8	3299a266-15f0-4346-8318-716336736d3e	DRIVER	UsbDeviceDxe	53290	PE32	53248	b176cfea733d831af9719719f54c66cb3556f1d850e3f389296298867f30c0e7	0608
DXE	0x6547f0	cd823a4d-7dec-4531-ae5d-4134fa4127b8	DRIVER	UsbConfigDxe	122990	PE32	122880	8c7d40fa342e3c43297eb55065b10c8197a53dc1b7759ca1980a79328093895f	02690476b00c977a48a4b528db7b45cef102d0c7e5f439d2cb47aacd7f66ef76323802455c7a15b221c543ba7c822fee5fe599028e0897ebdfcfc649be4bd906a5b20e8603030308
DXE	0x672878	0a134f0e-075e-40b3-9c63-3b3906804663	DRIVER	UsbInitDxe	32822	PE32	32768	5be2d1c8be314ffa6500e5ef336b15044d332305563a02aff9768344fcfd2a80	023fb022e750b2ce428ebd5bd51812d03708
DXE	0x67a8c8	5f0937cd-73f9-445e-b320-bb6fd5d3cbde	DRIVER	UCDxe	143380	PE32	143360	62a661d0b60b754c56c12a81982a802212b2d7a0d56e057492f223322d163324	-
DXE	0x69d8f8	b0d3689e-11f8-43c6-8ece-023a29cec35b	DRIVER	RngDxe	32790	PE32	32768	a2f94ffe8383cd8a18fa192c7a194bef98e96e88256faaa7ecf3c83549d42f3c	-
DXE	0x6a5928	7861c9d1-43b6-410c-b8a7-c129a9346d9d	DRIVER	TpmDxe	45078	PE32	45056	85894114442d39b22fb261bdb49acdceee3ffa0d4e0e295dd01d0621aaf28074	-
DXE	0x6b0958	59cc11dc-1c60-11e1-a80f-a3b54824019b	DRIVER	TrEEDxe	49176	PE32	49152	6cf95068524e1e0147a17b9f36dff08ebb6138d9c56250a174338497a8efdb70	-
DXE	0x6bc988	65b852df-355e-4946-9808-cc7edb9beaa6	DRIVER	DppDxe	40990	PE32	40960	afcd5ff64eefb85683d8aced8bd76ff8db1bfa5b064c393a87a55cf9d74309f9	0608
DXE	0x6c69c0	afaba5f7-a101-4b91-8409-f5e9f3e6a081	DRIVER	HwUniformPolicyDxeDriver	114842	PE32	114688	2f984741f573f88a6d977bf004c6e86e112c20d0baf79c2028dd4844be732132	02f6f0a3134a26f03ef2e0dec512342f34027469d90faa23dc4cb9cb98d17750322a0272c19fefb2a19346b3276d32fc41604202d7727e5850cc794f8209ca291fc1a10f02e268561e8184d411bcf10080c73c88810303030308
DXE	0x6e2a78	ebf342fe-b1d3-4ef8-957c-8048606ff671	DRIVER	SetupBrowser	168082	PE32	167936	f8e25289d194fee53d7e109c30a97fe8cc2d63ba754324b424b9e370d2af6bd1	0272c19fefb2a19346b3276d32fc41604202d7727e5850cc794f8209ca291fc1a10f0218f841646263444eb5707dba31dd245302f6f0a3134a26f03ef2e0dec512342f34027469d90faa23dc4cb9cb98d17750322a02e268561e8184d411bcf10080c73c8881030303030308
DXE	0x70bb28	d0c9c04a-e796-4c48-9d52-9e0ced394f4b	APPLICATION	ByoUiApp	135196	PE32	135168	ca353f3b65bb65eea0d4c0f5c6497448ed24c4c7dba9c434c8a66c1dbc406294	-
DXE	0x72cb60	04a1ab1a-69f4-4b14-9f67-a066b6c0fc6e	DRIVER	HwSetupDxe	123022	PE32	122880	1c03bde7883537c31c8bb481e69abe5c62dde89a94334147d9f678bef51fa986	02d7727e5850cc794f8209ca291fc1a10f0260c3d4b9fbbc9b4f929853c13698225802f6f0a3134a26f03ef2e0dec512342f3402e268561e8184d411bcf10080c73c8881027469d90faa23dc4cb9cb98d17750322a0272c19fefb2a19346b3276d32fc416042030303030308
DXE	0x74ac08	e660ea85-058e-4b55-a54b-f02f83a24707	DRIVER	DisplayEngine	143528	PE32	143360	17e16332b0d1d28be8904c8b3fbda38e26482c7142ce74be2933c9045f664b86	0272c19fefb2a19346b3276d32fc41604202d7727e5850cc794f8209ca291fc1a10f0257c370a793b66d4ea6cfd21c728e550b0218f841646263444eb5707dba31dd245302f6f0a3134a26f03ef2e0dec512342f34027469d90faa23dc4cb9cb98d17750322a02e268561e8184d411bcf10080c73c888103030303030308
DXE	0x76dcc8	a047b50a-cb25-40b0-a27e-781fbd88e10e	DRIVER	SetupMouse	36990	PE32	36864	4c9c1e7d86ccd824cf57a4356311a6aa014384b26a10aa0b489f3414cdb4daf3	02878c8731750bd5119a4f0090273fc14d02dea94290dc23384a96fb7aded080516a027469d90faa23dc4cb9cb98d17750322a0272c19fefb2a19346b3276d32fc41604202d7727e5850cc794f8209ca291fc1a10f0303030308
DXE	0x776d60	613073a5-33e5-4251-857c-11b765da881b	DRIVER	UnicodeFontDxe	61698	PE32	61440	e841c23e2ac1f7b24545110f3765d4b36f6abff5d0d46397546ffe869f19c603	02e268561e8184d411bcf10080c73c888102f63f5e66cc46d4119a380090273fc14d02b1ccba26426fd411bce70080c73c888102b2ccba26426fd411bce70080c73c8881027270a91ddcbd304b99f172a0b56fff2a0287accf27cc46d4119a380090273fc14d0288accf27cc46d4119a380090273fc14d02e1b4dfb72f059f4487be9818fc91b73302e32364a41746f149b9ffd1bfa911583902b3ccba26426fd411bce70080c73c88810218f841646263444eb5707dba31dd245302f53f5e66cc46d4119a380090273fc14d030303030303030303030308
DXE	0x785e80	108c3dd3-d64a-42b7-9d1c-931aaf02ec88	DRIVER	ChineseDxe	32798	PE32	32768	120cf31a06020263148312ee078f0df0f78f44505d0a12021dfe367b59e764f4	-
DXE	0x78deb8	eec25bdc-67f2-4d95-b1d5-f81b2039d11d	APPLICATION	BootManagerMenuApp	131120	PE32	131072	537930871e89b38eb678c926162f5a56d4484a271884b7970f6d544046d340b6	-
DXE	0x7adf00	ce044919-3000-4998-82af-ddb4e17c6b66	DRIVER	AdapterInformationDxe	32828	PE32	32768	a91e685bf7e22c4a58c685fcbab9903e184abcd42be36ebb1a60602a9960d003	0608
DXE	0x7b5f58	1d317734-4083-47c6-83ea-e3a42f2a6bff	DRIVER	PILDxe	131118	PE32	131072	0b93715d3a926e282d75bc0219f07e2b608c097d345b035904ecbaaf82a37def	0242b937ae7f45914ca196d9669fd347a308
DXE	0x7d5fa0	8cf9c920-d5e6-4dac-bef9-6e6a4eec7add	DRIVER	PILProxyDxe	36936	PE32	36864	446628105337a505ec72ade0c8bb0b302c56fd2ea0344118b4ef2a86e5865114	02339e9b0fe4b86d4ea83e2b6710a1cc24028d10ed7724858b4b9d2e34987aecb9c10308
DXE	0x7df000	32c71e68-83a8-46ed-aed1-094e71b12057	DRIVER	SecRSADxe	40988	PE32	40960	13114282abc1db3d9ce000bce78e3a2b99de43ebba168f5d3c9d36c00bfb6dbc	-
DXE	0x7e9038	c2f9a4f5-f7b4-43e7-ba99-5ea804cc103a	DRIVER	ASN1X509Dxe	40992	PE32	40960	3537457cf38994af2dd97bbfe07c5c8c0cec165418af471a0671f0fc74758cdc	-
DXE	0x7f3070	5d787b6c-6254-43f5-a7a8-cb25329cf97e	DRIVER	SPSSDxe	45104	PE32	45056	2a4df1721a16a90581f8208aea0077038d3ff390c5c530409823b8b518fc99bd	0242b937ae7f45914ca196d9669fd347a308
DXE	0x7fe0b8	e2534a24-1d9a-4a54-aaec-be8836d0f45d	DRIVER	FvDxe	73756	PE32	73728	6dd0ef5f09b8e21f121b68934e1a12c1134b6095b36d257aae56a5cf7e14be21	0608
DXE	0x8100f0	4a568b8a-4d9d-4984-9c75-cee33698e451	DRIVER	ParserDxe	36900	PE32	36864	0835bce0e89a889fbda62289e060a71e1c42ab4a22a2f892115c16bbee0f4a28	0608
DXE	0x819130	84cc57f6-38be-4acf-9752-73d1e23f793f	DRIVER	SerialPortDxe	28716	PE32	28672	087ec0378410639608f6b60d4803bc49ea7c5e5523da49f9d52b689f0789aec4	0608
DXE	0x820178	a91d838e-a5fa-4138-825d-455e23030794	FREEFORM	logo2.bmp	739668	-	-	-	-
DXE	0x8d4ae8	19910221-eef1-dd02-847b-87516589bfc1	FREEFORM	TooHot.bmp	388886	-	-	-	-
DXE	0x933a18	19904211-eef1-dd02-847b-87516589bfc1	FREEFORM	LowBattery.bmp	388894	-	-	-	-
DXE	0x992950	56ac5567-d235-5684-d458-11235477f478	FREEFORM	skey.bmp	3538	-	-	-	-
DXE	0x993740	859ee6de-0489-4121-9c12-4ead40605d81	FREEFORM	UpdateFwMsg_cn.bmp	421822	-	-	-	-
DXE	0x9fa718	c76552f1-832c-4d02-8a0f-2c651dc2ae08	FREEFORM	UpdateFwMsg_en.bmp	429102	-	-	-	-
DXE	0xa63360	be9c29cf-26f9-4e2a-b9bf-367f8e546b53	FREEFORM	UpdateFwAlarmMsg.bmp	1056106	-	-	-	-
DXE	0xb650e8	f928a006-3114-7358-3443-be1bdabb6565	FREEFORM	UpdateFwHwLogo.bmp	894702	-	-	-	-
DXE	0xc3f7f0	19b58acd-b1f8-4078-b9a5-a33584b680e2	FREEFORM	Panel_sharp_4k_dsc_vid.xml	2738	-	-	-	-
DXE	0xc402c0	3982697d-4889-4433-b547-0121a1d2bdf0	FREEFORM	Panel_sharp_1080p_edp.xml	1892	-	-	-	-
DXE	0xc40a40	6dcf6dda-3c5e-4039-8005-37b907f20d65	FREEFORM	Panel_csot_hx83121_vid.xml	3773	-	-	-	-
DXE	0xc41918	edadde85-f801-4e2e-a3f0-9cc88e9b36c2	FREEFORM	Panel_boe_hx83121_vid.xml	3021	-	-	-	-
DXE	0xc42500	21e9bdd9-6c3f-4f10-84a5-bbec322741f1	FREEFORM	uefipil.cfg	4399	-	-	-	-
DXE	0xc43648	45fe4b7c-150c-45da-a021-4beb2048ec6f	FREEFORM	QcomChargerCfg.cfg	9894	-	-	-	-
DXE	0xc45d08	3cef354a-3b7a-4519-ad70-72a134698311	APPLICATION	Ebl	131088	PE32	131072	a439346c2bc227676bb38c26def598d8eb1c53876a0868d71bbd0e580bbe3eea	-
DXE	0xc65d30	6d4a9cf7-cc0c-42b0-aa89-f6a6a8d99273	DRIVER	PmicGlinkDxe	45098	PE32	45056	92d8a51c8850c8727f235133dce36e11fe8dcab02b1d34f8ff1cab3e7e393b5c	0608
DXE	0xc70d78	11faed4c-b21f-4d88-8e48-c4c28a1e50df	DRIVER	UsbPwrCtrlDxe	45100	PE32	45056	0bf614420756e9f5f403aed4a3ebdd2f7cbf5e2361ec40d04b64aa7a163eb419	0608
DXE	0xc7bdc0	a2f436ea-a127-4ef8-957c-8048606ff670	DRIVER	SnpDxe	53270	PE32	53248	464dc92bea6f1a43ba7888e839780852bfeb7031a4db50d14b00b93253667911	-
DXE	0xc88df0	a210f973-229d-4f4d-aa37-9895e6c9eaba	DRIVER	DpcDxe	32798	PE32	32768	bb67c034498cf20d90bb65894eb380ee1f4c65517dba70cc4d2a0342e7dec75d	0608
DXE	0xc90e28	529d3f93-e8e9-4e73-b1e1-bdf6a9d50113	DRIVER	ArpDxe	49174	PE32	49152	18825406bab060f919a1ac565042ac46eecfd9160e68b3afad5bc12a7ffdb6cc	-
DXE	0xc9ce58	94734718-0bbc-47fb-96a5-ee7a5ae6a2ad	DRIVER	Dhcp4Dxe	69658	PE32	69632	1afa98c235dbf1f9b130397d862ad749e6f4db6ce3042df8af3d5f454ec35dca	-
DXE	0xcade90	9fb1a1f3-3b71-4324-b39a-745cbb015fff	DRIVER	Ip4Dxe	106518	PE32	106496	f7cb225164e93e58e73998df6f2e7ddd22f0b6a695a9fd0804016a4f13180b07	-
DXE	0xcc7ec0	025bbfc7-e6a9-4b8b-82ad-6815a1aeaf4a	DRIVER	MnpDxe	69654	PE32	69632	7939f4c8fe1e284ee47d71359bd546ca97ede15a3544e72bc4847b81b6a55bbe	-
DXE	0xcd8ef0	e4f61863-fe2c-4b56-a8f4-08519bc439df	DRIVER	VlanConfigDxe	53284	PE32	53248	d41890297b36208d931546167aceda9833790c4645842334855b3e694a08fa00	-
DXE	0xce5f30	dc3641b8-2fa8-4ed3-bc1f-f9962a03454b	DRIVER	Mtftp4Dxe	65564	PE32	65536	1e9e914dd61ca7b4158ea79363c858a3fd27f473b006bfda5338b9c07e42c0e0	-
DXE	0xcf5f68	1a7e4468-2f55-4a56-903c-01265eb7622b	DRIVER	TcpDxe	98326	PE32	98304	09417a7166b7a49021fad53e74e401ee40ed63fb9093b2cee84443c7f8922b9c	-
DXE	0xd0df98	6d6963ab-906d-4a65-a7ca-bd40e5d6af2b	DRIVER	Udp4Dxe	65560	PE32	65536	afc50674abd752555dee1d9c2519c9f098bc9945ae63523ca83acefd9c76adb6	-
DXE	0xd1dfc8	b95e9fda-26de-48d2-8807-1f9107ac5e3a	DRIVER	UefiPxeBcDxe	98338	PE32	98304	c5368edeed190b64e7f8a0e201597a1851bb416bea3a63ea6852655035ac02f7	-
DXE	0xd36008	95c8d770-e1a4-4422-b263-e32f14fd8186	DRIVER	Ax88772b	49178	PE32	49152	87012be3d18d33e416565585779118a09d9dbb7d0e9d6bf96674d5be25a85c20	-
DXE	0xd42040	f9c6016c-442d-1afa-cef4-62b63caac906	DRIVER	CrashDumpDxe	53290	PE32	53248	c9b312083f9f6a3f7e61dcc4be459388e80fad695c1600d5e91b39c6ca2349dc	0608
DXE	0xd4f088	4138022f-06c7-4f79-9c94-7e33b511a4e7	DRIVER	DisplayDxe	659706	PE32	659456	6c0b3706bd8b1848f91d36f85d30a2e4ddf6d89eabf54ecc5ad734256dd8ac89	025b6a8dfe4ad36f47b97263c8951249a402ff1d86476f5569429b28062ec3ecb30d02d7c6c54ba44c3588d1bcd29cc2025d4a023d8dd322b6e88f4f9c26bceb07d6cb680218ec9aadf07b09489e963012309f3df702455c7a15b221c543ba7c822fee5fe59902690476b00c977a48a4b528db7b45cef102417cef5b60a55b43835b3c3ebf2bd151022df8bfc1926cfb488355c7fb4218a4ea024fcc66a96cee4d42a7628ed3b5a4a50102b1e87ab2103e074dab5ceb9a6dc6fa8f02e6fa1a245f886c4fa7eac28eab79c3e5030303030303030303030308
DXE	0xdf01a0	5be3bdf4-53cf-46a3-a6a9-73c34a6e5ee3	DRIVER	NvmExpressDxe	61696	PE32	61440	67f65f6a4225914c8dc9ec9b8415c839eda343707360cf69b44ab743247a5808	02f63f5e66cc46d4119a380090273fc14d02b1ccba26426fd411bce70080c73c888102b2ccba26426fd411bce70080c73c8881027270a91ddcbd304b99f172a0b56fff2a0287accf27cc46d4119a380090273fc14d0288accf27cc46d4119a380090273fc14d02e1b4dfb72f059f4487be9818fc91b73302e32364a41746f149b9ffd1bfa911583902b3ccba26426fd411bce70080c73c88810218f841646263444eb5707dba31dd245302e268561e8184d411bcf10080c73c888102f53f5e66cc46d4119a380090273fc14d030303030303030303030308
DXE	0xdff2b8	e3e4048d-6c0c-43e4-ae1c-ffb579d8ef41	DRIVER	OpalPasswordDxe	106596	PE32	106496	5e523e6d537a4902bf7cd9fa39dfcaa850f5c11ce68069b213eac03f15b8a686	027469d90faa23dc4cb9cb98d17750322a0272c19fefb2a19346b3276d32fc41604202d7727e5850cc794f8209ca291fc1a10f030308
DXE	0xe19338	93b80004-9fb3-11d4-9a3a-0090273fc14d	DRIVER	PciBusDxe	106524	PE32	106496	c96cce3020093fdca7929d2408e43361634df8b0b1347a9c45168fb7b14bf4f4	-
DXE	0xe33370	2d2e62aa-9ecf-43b7-8219-94e7fc713dfe	DRIVER	UsbMouseDxe	40992	PE32	40960	1a3acb680cf6015daeb5d9eaf2b3caf2c85563641b800ec67f70a1c655ced27a	-
DXE	0xe3d3a8	c62f4b20-681e-11df-8f0d-0002a5d5c51b	DRIVER	PciHostBridge	118844	PE32	118784	8d2c36cdddef0ed2c85a13ea776284cbbca381a5e711884f5fa81a1b453d2e83	02b2ccba26426fd411bce70080c73c888108
DXE	0xe5a400	2e3042f3-2bb9-463f-8866-56d75b7c4ab0	DRIVER	ChargerExDxe	86074	PE32	86016	f5ac56c1b4db523da4b42d56d9b0ec7ecc96c57a73f4362231bdf0dfe2c258e6	02d0c7e5f439d2cb47aacd7f66ef76323808
DXE	0xe6f458	2f0e56b0-3921-4133-9bb8-46f99889d046	DRIVER	QcomChargerDxeWp	151618	PE32	151552	b8441c914ba332037b4b0ae3228e87743c2de587690b606f32ade3baaff09c9b	02d0c7e5f439d2cb47aacd7f66ef76323808
DXE	0xe944b8	eee9c2b1-16ca-4f34-87ea-2e6d1e160cc4	APPLICATION	QcomChargerApp	90152	PE32	90112	56b85001eec0205e69b21a16db844ce82b90d8676fa346ae2dbb8684a9fefc05	-
DXE	0xeaa4f8	6a47e906-ab41-45ff-b5bc-bbbd513450de	DRIVER	SpcomDxe	61474	PE32	61440	28ff4659989254520bfbecc6efc11a1273b039f0240fe158826d23abda9a181b	0608
DXE	0xeb9538	97ad158f-c621-41f1-8cde-354594f09d88	DRIVER	SpNvmDxe	81954	PE32	81920	0c4fb93d5297ea72527aed41dcbc884321f82516ec6d4572d6e04e1385714603	0608
DXE	0xecd578	f8622d80-f271-4505-9487-8d25bbafd7d8	DRIVER	SmbiosDxe	36900	PE32	36864	71e2105c8c266e7a8bdf22350868ee6549978f40f436eb3c8324366ae0e81a3f	0608
DXE	0xed65b8	50a15b6f-e3a9-4192-9640-369cb367c4de	DRIVER	SmBiosTableDxe	82090	PE32	81920	9e3493c4325526f428b34da2288ab6df1ea17d7b1bf43315b80ec6e23e9ba859	02f63f580336cb4049947eb9b39f4afaf702d0c7e5f439d2cb47aacd7f66ef76323802225b4e965964d2118e3900a0c969723b02f385b8c3e4a0144391838a1a9380852f02f6f0a3134a26f03ef2e0dec512342f3402690476b00c977a48a4b528db7b45cef102d2f7c185e6bc314f8f4dd37e03d05eaa03030303030308
DXE	0xeea680	9622e42c-8e38-4a08-9e8f-54f784652f6b	DRIVER	AcpiTableDxe	53290	PE32	53248	1dae642716a2a0394682f9df61d61186c7a6d1c75a4a794f2dec087fea2b2bdb	0608
DXE	0xef76c8	07598dfc-d5ec-4f00-8897-ab10426cb644	DRIVER	AcpiPlatform	77918	PE32	77824	db77513f7cc4807fdb3b1a8193dfb828395b9e9f9315926064a064200718b834	02dd6be0ff0761a6467bb25a9c7ec5275c02225b4e965964d2118e3900a0c969723b028e0897ebdfcfc649be4bd906a5b20e86030308
DXE	0xf0a740	0e28cc67-9688-4303-960c-3ba68f45d938	DRIVER	WinAcpiUpdate	36960	PE32	36864	b7b55351c3f5be980a4a4cb8813be2cb540de561b87e670c9f22f02ee576e3a2	028e0897ebdfcfc649be4bd906a5b20e8602690476b00c977a48a4b528db7b45cef10279c8d6795e729e48a0a927efa5dfcb35030308
DXE	0xf137b8	00160f8d-2b35-4df2-bbe0-b272a8d631f0	DRIVER	FirmwarePerformanceDxe	36942	PE32	36864	e478bcdd2d88622f9e2cb762b7e48f53c6b51c513e235de78b3a8b700b706418	0236292186760ec841a03a2af2fc1c39e208
DXE	0xf1c820	fc16d7dc-bf51-4785-acd1-763d0c0d1485	DRIVER	WwanDxe	41024	PE32	40960	f450c90da1bc9d9154b111a1e8f852cb3b19e0802954b52d3ea90627474a21f9	0242b937ae7f45914ca196d9669fd347a3026d8adc6e6326cd4390ff4621ffd10df50308
DXE	0xf26878	23fe0b9a-a18e-4640-9522-17ad886c83ad	DRIVER	WlanDxe	32816	PE32	32768	017d9d8056742da7f5a6c9c2077f14a2066586eed72f9761556e05df04a2f8bd	0242b937ae7f45914ca196d9669fd347a308
DXE	0xf2e8c0	8c88da42-7ca9-40b6-9fd3-473b8a775acc	DRIVER	I2CKeyboard	45328	PE32	45056	4b436f479f48ea0263c07b81e1f6f111807502b2b4d830ab79cac4b1925156c2	02c1777438c769d2118e3900a0c969723b02f63f5e66cc46d4119a380090273fc14d02b1ccba26426fd411bce70080c73c888102b2ccba26426fd411bce70080c73c8881027270a91ddcbd304b99f172a0b56fff2a0287accf27cc46d4119a380090273fc14d0288accf27cc46d4119a380090273fc14d02e1b4dfb72f059f4487be9818fc91b73302e32364a41746f149b9ffd1bfa911583902b3ccba26426fd411bce70080c73c88810218f841646263444eb5707dba31dd245302e268561e8184d411bcf10080c73c888102f53f5e66cc46d4119a380090273fc14d03030303030303030303030308
DXE	0xf399e8	0c935e22-01b0-43a4-b12b-73a75b53c4df	DRIVER	RecoveryDxe	61480	PE32	61440	6e4e8b1617bdadcaa05c70375b07c545afaf348820fa1d9919aa04e580186f3c	0608
DXE	0xf48a28	1c37a189-79f3-46c8-acd9-021d19021094	FREEFORM	Panel_Generic_edp.xml	1845	-	-	-	-
DXE	0xf49178	67651375-ed9f-4470-9710-009db700a58d	FREEFORM	Panel_external_dp.xml	793	-	-	-	-
