freq_hz,base_db_rel_input,base_db_centred,s00_128,s01_000,s01_064,s01_128,s01_192,s01_196,s01_200,s02_000,s02_064,s02_128,s02_192,s03_000,s03_064,s03_128,s03_192,s03_200,s04_000,s04_064,s04_128,s04_192,s05_000,s05_064,s05_128,s05_192,s06_000,s06_064,s06_128,s06_192,s07_000,s07_064,s07_128,s07_192,s08_000,s08_064,s08_128,s08_192,s09_128,s10_128
30.0,-8.930,-7.961,-0.000,-2.627,-1.621,-0.769,0.203,0.274,0.346,-0.007,0.001,0.009,0.017,-0.002,-0.000,0.002,0.004,0.004,-0.001,-0.000,0.000,0.000,-0.000,-0.000,0.000,0.000,-0.004,-0.000,0.002,0.005,-0.340,-0.187,-0.066,0.079,-0.001,-0.000,-0.000,0.000,-0.000,-0.000
31.4,-8.930,-7.961,-0.000,-2.627,-1.621,-0.769,0.203,0.274,0.346,-0.007,0.001,0.009,0.017,-0.002,-0.000,0.002,0.004,0.004,-0.001,-0.000,0.000,0.000,-0.000,-0.000,0.000,0.000,-0.004,-0.000,0.002,0.005,-0.340,-0.187,-0.066,0.079,-0.001,-0.000,-0.000,0.000,-0.000,-0.000
32.9,-8.930,-7.961,-0.000,-2.627,-1.621,-0.769,0.203,0.274,0.346,-0.007,0.001,0.009,0.017,-0.002,-0.000,0.002,0.004,0.004,-0.001,-0.000,0.000,0.000,-0.000,-0.000,0.000,0.000,-0.004,-0.000,0.002,0.005,-0.340,-0.187,-0.066,0.079,-0.001,-0.000,-0.000,0.000,-0.000,-0.000
34.4,-8.930,-7.961,-0.000,-2.627,-1.621,-0.769,0.203,0.274,0.346,-0.007,0.001,0.009,0.017,-0.002,-0.000,0.002,0.004,0.004,-0.001,-0.000,0.000,0.000,-0.000,-0.000,0.000,0.000,-0.004,-0.000,0.002,0.005,-0.340,-0.187,-0.066,0.079,-0.001,-0.000,-0.000,0.000,-0.000,-0.000
36.1,-8.930,-7.961,-0.000,-2.627,-1.621,-0.769,0.203,0.274,0.346,-0.007,0.001,0.009,0.017,-0.002,-0.000,0.002,0.004,0.004,-0.001,-0.000,0.000,0.000,-0.000,-0.000,0.000,0.000,-0.004,-0.000,0.002,0.005,-0.340,-0.187,-0.066,0.079,-0.001,-0.000,-0.000,0.000,-0.000,-0.000
37.8,-8.930,-7.961,-0.000,-2.627,-1.621,-0.769,0.203,0.274,0.346,-0.007,0.001,0.009,0.017,-0.002,-0.000,0.002,0.004,0.004,-0.001,-0.000,0.000,0.000,-0.000,-0.000,0.000,0.000,-0.004,-0.000,0.002,0.005,-0.340,-0.187,-0.066,0.079,-0.001,-0.000,-0.000,0.000,-0.000,-0.000
39.5,-8.930,-7.961,-0.000,-2.627,-1.621,-0.769,0.203,0.274,0.346,-0.007,0.001,0.009,0.017,-0.002,-0.000,0.002,0.004,0.004,-0.001,-0.000,0.000,0.000,-0.000,-0.000,0.000,0.000,-0.004,-0.000,0.002,0.005,-0.340,-0.187,-0.066,0.079,-0.001,-0.000,-0.000,0.000,-0.000,-0.000
41.4,-8.930,-7.961,-0.000,-2.627,-1.621,-0.769,0.203,0.274,0.346,-0.007,0.001,0.009,0.017,-0.002,-0.000,0.002,0.004,0.004,-0.001,-0.000,0.000,0.000,-0.000,-0.000,0.000,0.000,-0.004,-0.000,0.002,0.005,-0.340,-0.187,-0.066,0.079,-0.001,-0.000,-0.000,0.000,-0.000,-0.000
43.4,-8.930,-7.961,-0.000,-2.627,-1.621,-0.769,0.203,0.274,0.346,-0.007,0.001,0.009,0.017,-0.002,-0.000,0.002,0.004,0.004,-0.001,-0.000,0.000,0.000,-0.000,-0.000,0.000,0.000,-0.004,-0.000,0.002,0.005,-0.340,-0.187,-0.066,0.079,-0.001,-0.000,-0.000,0.000,-0.000,-0.000
45.4,-4.626,-3.657,-0.000,-3.405,-2.124,-1.001,0.259,0.349,0.440,-0.008,0.002,0.010,0.020,-0.002,0.000,0.002,0.004,0.004,-0.000,-0.000,0.000,0.000,-0.000,0.000,0.000,0.000,-0.004,-0.000,0.003,0.006,-0.434,-0.239,-0.085,0.102,-0.000,-0.000,0.000,0.000,-0.000,-0.000
47.5,-4.626,-3.657,-0.000,-3.405,-2.124,-1.001,0.259,0.349,0.440,-0.008,0.002,0.010,0.020,-0.002,0.000,0.002,0.004,0.004,-0.000,-0.000,0.000,0.000,-0.000,0.000,0.000,0.000,-0.004,-0.000,0.003,0.006,-0.434,-0.239,-0.085,0.102,-0.000,-0.000,0.000,0.000,-0.000,-0.000
49.8,-1.088,-0.120,-0.000,-4.264,-2.677,-1.250,0.315,0.423,0.532,-0.010,0.002,0.011,0.022,-0.003,-0.000,0.002,0.004,0.004,-0.001,-0.000,-0.000,0.000,-0.001,-0.000,-0.000,0.000,-0.004,-0.001,0.002,0.006,-0.538,-0.296,-0.105,0.126,-0.001,-0.000,-0.000,-0.000,-0.000,-0.000
52.1,-1.088,-0.120,-0.000,-4.264,-2.677,-1.250,0.315,0.423,0.532,-0.010,0.002,0.011,0.022,-0.003,-0.000,0.002,0.004,0.004,-0.001,-0.000,-0.000,0.000,-0.001,-0.000,-0.000,0.000,-0.004,-0.001,0.002,0.006,-0.538,-0.296,-0.105,0.126,-0.001,-0.000,-0.000,-0.000,-0.000,-0.000
54.6,-1.088,-0.120,-0.000,-4.264,-2.677,-1.250,0.315,0.423,0.532,-0.010,0.002,0.011,0.022,-0.003,-0.000,0.002,0.004,0.004,-0.001,-0.000,-0.000,0.000,-0.001,-0.000,-0.000,0.000,-0.004,-0.001,0.002,0.006,-0.538,-0.296,-0.105,0.126,-0.001,-0.000,-0.000,-0.000,-0.000,-0.000
57.1,1.697,2.666,-0.000,-5.096,-3.161,-1.398,0.327,0.436,0.546,-0.011,0.001,0.011,0.021,-0.002,-0.000,0.001,0.004,0.004,-0.001,-0.001,-0.000,-0.000,-0.001,-0.000,-0.000,-0.000,-0.005,-0.001,0.002,0.005,-0.584,-0.320,-0.113,0.133,-0.001,-0.001,-0.000,-0.000,-0.000,-0.000
59.8,1.697,2.666,-0.000,-5.096,-3.161,-1.398,0.327,0.436,0.546,-0.011,0.001,0.011,0.021,-0.002,-0.000,0.001,0.004,0.004,-0.001,-0.001,-0.000,-0.000,-0.001,-0.000,-0.000,-0.000,-0.005,-0.001,0.002,0.005,-0.584,-0.320,-0.113,0.133,-0.001,-0.001,-0.000,-0.000,-0.000,-0.000
62.6,3.886,4.855,-0.000,-5.785,-3.459,-1.522,0.364,0.487,0.611,-0.012,0.001,0.012,0.022,-0.002,-0.000,0.001,0.004,0.004,-0.001,-0.000,-0.000,-0.000,-0.001,-0.000,-0.000,-0.000,-0.005,-0.001,0.003,0.006,-0.654,-0.361,-0.128,0.152,-0.001,-0.000,-0.000,-0.000,-0.000,-0.000
65.6,3.886,4.855,-0.000,-5.785,-3.459,-1.522,0.364,0.487,0.611,-0.012,0.001,0.012,0.022,-0.002,-0.000,0.001,0.004,0.004,-0.001,-0.000,-0.000,-0.000,-0.001,-0.000,-0.000,-0.000,-0.005,-0.001,0.003,0.006,-0.654,-0.361,-0.128,0.152,-0.001,-0.000,-0.000,-0.000,-0.000,-0.000
68.7,5.568,6.537,-0.000,-6.591,-4.013,-1.812,0.425,0.568,0.712,-0.013,0.002,0.014,0.026,-0.002,-0.000,0.002,0.005,0.005,0.000,-0.000,-0.000,-0.000,0.000,-0.000,-0.000,-0.000,-0.006,-0.000,0.003,0.006,-0.787,-0.437,-0.154,0.183,0.000,-0.000,-0.000,-0.000,-0.000,-0.000
71.9,6.115,7.084,-0.000,-6.960,-4.295,-1.935,0.450,0.602,0.753,-0.014,0.002,0.015,0.027,-0.002,-0.000,0.002,0.005,0.005,0.000,-0.000,-0.000,-0.000,0.000,-0.000,-0.000,-0.000,-0.006,-0.000,0.003,0.007,-0.847,-0.470,-0.166,0.196,0.000,-0.000,-0.000,-0.000,-0.000,-0.000
75.3,6.876,7.845,-0.000,-7.461,-4.673,-2.096,0.482,0.645,0.805,-0.015,0.003,0.016,0.029,-0.002,-0.000,0.002,0.005,0.005,0.000,-0.000,-0.000,-0.000,-0.000,-0.000,-0.000,-0.000,-0.006,-0.000,0.003,0.007,-0.924,-0.514,-0.181,0.214,0.000,-0.000,-0.000,-0.000,-0.000,-0.000
78.9,7.645,8.613,-0.000,-8.138,-5.157,-2.305,0.526,0.702,0.875,-0.016,0.003,0.017,0.032,-0.002,-0.000,0.003,0.005,0.006,0.000,-0.000,-0.000,-0.000,-0.000,-0.000,0.000,-0.000,-0.006,-0.000,0.004,0.008,-1.031,-0.575,-0.202,0.239,0.000,-0.000,-0.000,0.000,-0.000,-0.000
82.6,8.122,9.091,-0.000,-8.554,-5.449,-2.428,0.550,0.735,0.916,-0.017,0.004,0.019,0.034,-0.002,-0.000,0.003,0.005,0.006,-0.000,-0.000,0.000,0.000,-0.000,-0.000,0.000,0.000,-0.006,-0.001,0.005,0.009,-1.093,-0.610,-0.215,0.253,-0.000,-0.000,-0.000,0.000,-0.000,-0.000
86.5,8.613,9.581,-0.000,-9.074,-5.802,-2.582,0.583,0.777,0.969,-0.018,0.004,0.020,0.036,-0.002,0.000,0.003,0.006,0.006,-0.000,-0.000,0.000,0.001,-0.000,-0.000,0.000,0.001,-0.006,-0.000,0.005,0.009,-1.180,-0.660,-0.232,0.272,-0.000,-0.000,-0.000,0.000,-0.000,-0.000
90.5,9.760,10.729,-0.000,-10.374,-6.655,-2.950,0.660,0.879,1.094,-0.020,0.005,0.022,0.040,-0.004,-0.000,0.003,0.007,0.007,0.000,-0.000,0.000,0.001,0.000,-0.000,0.000,0.001,-0.007,-0.000,0.004,0.011,-1.397,-0.784,-0.274,0.320,0.000,0.000,-0.000,0.000,-0.000,-0.000
94.8,10.628,11.597,-0.000,-11.498,-7.360,-3.261,0.722,0.958,1.188,-0.023,0.005,0.023,0.044,-0.005,-0.000,0.002,0.008,0.008,0.000,-0.000,0.000,0.000,0.001,-0.000,0.000,-0.000,-0.008,0.000,0.003,0.011,-1.611,-0.907,-0.316,0.364,0.001,0.000,-0.000,0.000,-0.000,-0.000
99.3,10.628,11.597,-0.000,-11.498,-7.360,-3.261,0.722,0.958,1.188,-0.023,0.005,0.023,0.044,-0.005,-0.000,0.002,0.008,0.008,0.000,-0.000,0.000,0.000,0.001,-0.000,0.000,-0.000,-0.008,0.000,0.003,0.011,-1.611,-0.907,-0.316,0.364,0.001,0.000,-0.000,0.000,-0.000,-0.000
103.9,11.423,12.391,0.000,-12.591,-8.017,-3.553,0.760,1.007,1.247,-0.025,0.006,0.025,0.048,-0.006,0.000,0.002,0.008,0.008,0.000,0.000,0.000,-0.000,0.001,0.000,0.000,-0.000,-0.008,0.000,0.003,0.012,-1.853,-1.045,-0.360,0.403,0.000,0.000,0.000,0.000,0.000,0.000
108.8,12.094,13.063,0.000,-13.516,-8.540,-3.777,0.784,1.041,1.297,-0.027,0.007,0.027,0.051,-0.005,0.000,0.002,0.008,0.008,0.000,0.000,0.000,-0.000,0.001,0.000,0.000,-0.000,-0.008,0.000,0.004,0.012,-2.109,-1.181,-0.398,0.439,0.001,0.000,0.000,0.000,0.000,0.000
114.0,12.609,13.577,0.000,-14.122,-8.862,-3.899,0.813,1.085,1.355,-0.029,0.007,0.030,0.055,-0.005,0.000,0.003,0.009,0.009,0.001,0.000,-0.000,-0.000,0.001,-0.000,-0.000,-0.000,-0.008,0.000,0.005,0.012,-2.391,-1.325,-0.446,0.494,0.001,0.001,-0.000,-0.000,0.000,0.000
119.3,12.892,13.860,0.000,-14.332,-8.967,-3.929,0.832,1.111,1.388,-0.031,0.008,0.033,0.059,-0.004,0.000,0.004,0.009,0.010,0.001,0.000,0.000,-0.000,0.001,-0.000,0.000,-0.000,-0.008,0.000,0.006,0.013,-2.638,-1.457,-0.496,0.547,0.001,0.001,-0.000,0.000,0.000,0.000
124.9,13.091,14.059,-0.000,-14.129,-8.858,-3.858,0.826,1.102,1.376,-0.035,0.010,0.040,0.068,-0.002,0.000,0.007,0.009,0.010,-0.000,-0.000,0.001,0.001,-0.000,0.000,0.001,0.001,-0.008,-0.001,0.009,0.016,-3.074,-1.710,-0.586,0.635,-0.000,-0.000,0.000,0.001,-0.000,-0.000
130.8,13.134,14.103,-0.000,-13.843,-8.709,-3.780,0.809,1.078,1.345,-0.038,0.012,0.044,0.072,-0.001,0.000,0.008,0.009,0.010,-0.001,-0.000,0.001,0.002,-0.000,0.000,0.001,0.002,-0.008,-0.001,0.011,0.018,-3.337,-1.863,-0.638,0.683,-0.001,-0.000,0.000,0.001,-0.000,-0.000
137.0,13.130,14.099,-0.000,-12.965,-8.244,-3.545,0.753,1.001,1.247,-0.043,0.012,0.050,0.081,-0.001,0.000,0.008,0.010,0.012,-0.001,-0.000,0.001,0.002,-0.001,-0.000,0.001,0.002,-0.010,-0.002,0.013,0.019,-3.964,-2.230,-0.754,0.791,-0.001,-0.001,0.000,0.001,-0.000,-0.000
143.4,13.101,14.070,0.000,-12.430,-7.947,-3.399,0.718,0.955,1.188,-0.046,0.012,0.051,0.086,-0.004,0.000,0.007,0.010,0.012,-0.002,-0.000,0.000,0.002,-0.001,-0.000,0.000,0.002,-0.012,-0.002,0.011,0.020,-4.332,-2.451,-0.822,0.852,-0.002,-0.001,-0.000,0.000,0.000,0.000
150.2,12.986,13.955,-0.000,-11.003,-7.073,-2.993,0.629,0.836,1.040,-0.054,0.013,0.058,0.103,-0.007,0.000,0.006,0.013,0.015,-0.001,-0.000,0.000,0.001,-0.001,-0.000,0.001,0.001,-0.015,-0.001,0.010,0.023,-5.447,-3.152,-1.027,1.039,-0.001,-0.000,-0.000,0.001,-0.000,-0.000
157.3,12.963,13.931,-0.000,-10.441,-6.706,-2.831,0.595,0.791,0.984,-0.057,0.013,0.062,0.111,-0.007,0.000,0.006,0.014,0.016,-0.001,-0.000,0.001,0.001,-0.000,-0.000,0.001,0.001,-0.016,-0.001,0.011,0.025,-5.968,-3.484,-1.123,1.124,-0.001,-0.000,-0.000,0.001,-0.000,-0.000
164.7,12.957,13.926,-0.000,-9.890,-6.340,-2.676,0.563,0.749,0.932,-0.060,0.013,0.067,0.120,-0.008,0.000,0.006,0.016,0.017,-0.000,0.000,0.000,0.001,0.000,-0.000,0.001,0.001,-0.018,-0.001,0.011,0.026,-6.531,-3.843,-1.226,1.215,-0.000,0.000,-0.000,0.001,-0.000,-0.000
172.4,12.961,13.930,0.000,-8.806,-5.624,-2.379,0.505,0.673,0.837,-0.069,0.014,0.076,0.140,-0.010,0.000,0.007,0.019,0.019,0.000,0.000,-0.000,-0.001,0.001,-0.000,-0.000,-0.001,-0.022,-0.000,0.012,0.028,-7.800,-4.643,-1.456,1.420,0.001,0.000,-0.000,-0.000,0.000,0.000
180.6,12.965,13.934,-0.000,-8.022,-5.113,-2.164,0.464,0.621,0.772,-0.077,0.016,0.085,0.158,-0.011,-0.000,0.008,0.021,0.022,0.001,0.000,-0.001,-0.001,0.001,-0.000,-0.001,-0.001,-0.024,-0.000,0.013,0.031,-8.881,-5.306,-1.647,1.595,0.001,0.000,-0.001,-0.001,-0.000,-0.000
189.1,12.996,13.965,-0.000,-7.301,-4.644,-1.967,0.429,0.575,0.718,-0.086,0.019,0.097,0.178,-0.011,0.000,0.010,0.023,0.024,0.001,0.000,-0.001,-0.001,0.001,-0.000,-0.001,-0.001,-0.025,-0.001,0.016,0.035,-9.967,-5.957,-1.846,1.785,0.001,0.000,-0.000,-0.001,-0.000,-0.000
198.0,13.017,13.986,-0.000,-6.860,-4.353,-1.844,0.408,0.547,0.684,-0.092,0.021,0.105,0.192,-0.011,0.001,0.011,0.024,0.025,0.001,0.000,-0.001,-0.001,0.000,-0.000,-0.001,-0.001,-0.026,-0.001,0.018,0.037,-10.673,-6.367,-1.976,1.909,0.001,0.000,-0.000,-0.001,-0.000,-0.000
207.3,13.019,13.988,0.000,-6.070,-3.828,-1.624,0.369,0.495,0.620,-0.107,0.024,0.121,0.223,-0.014,0.001,0.011,0.026,0.028,-0.000,-0.000,-0.001,0.000,-0.000,0.000,-0.001,0.000,-0.030,-0.002,0.019,0.043,-11.851,-7.034,-2.203,2.125,0.000,-0.000,0.000,-0.001,0.000,0.000
217.0,12.931,13.900,0.000,-5.557,-3.491,-1.489,0.344,0.461,0.577,-0.120,0.028,0.134,0.249,-0.016,0.001,0.011,0.028,0.030,-0.001,-0.000,-0.000,0.001,-0.001,0.000,-0.000,0.001,-0.032,-0.002,0.019,0.048,-12.278,-7.280,-2.300,2.210,-0.001,-0.000,-0.000,-0.000,0.000,0.000
227.3,12.696,13.665,-0.000,-4.953,-3.099,-1.339,0.313,0.418,0.524,-0.138,0.032,0.154,0.289,-0.019,0.001,0.012,0.031,0.034,-0.001,-0.000,-0.000,0.002,-0.000,0.000,0.000,0.001,-0.035,-0.002,0.020,0.054,-12.281,-7.305,-2.337,2.213,-0.001,-0.000,-0.000,0.000,-0.000,-0.000
238.0,12.278,13.246,-0.000,-4.545,-2.840,-1.247,0.291,0.389,0.489,-0.155,0.037,0.176,0.328,-0.019,0.001,0.014,0.035,0.037,-0.000,-0.000,-0.000,0.002,0.000,-0.000,0.000,0.001,-0.039,-0.002,0.024,0.060,-11.806,-7.060,-2.282,2.118,0.000,0.000,-0.000,0.000,-0.000,-0.000
249.2,11.507,12.476,0.000,-4.062,-2.543,-1.153,0.271,0.361,0.453,-0.188,0.044,0.217,0.404,-0.021,0.001,0.018,0.041,0.044,0.000,0.000,0.000,0.002,0.001,-0.000,0.000,0.001,-0.046,-0.002,0.030,0.071,-10.602,-6.388,-2.097,1.879,0.001,0.000,-0.000,0.000,0.000,0.000
260.9,10.930,11.899,0.000,-3.826,-2.398,-1.103,0.264,0.352,0.441,-0.211,0.050,0.246,0.460,-0.023,0.001,0.021,0.045,0.049,-0.000,0.000,0.000,0.002,0.000,0.000,0.000,0.002,-0.051,-0.003,0.034,0.079,-9.832,-5.940,-1.963,1.747,0.000,0.000,-0.000,0.000,0.000,0.000
273.2,10.384,11.353,-0.000,-3.518,-2.204,-1.024,0.254,0.339,0.425,-0.244,0.058,0.285,0.541,-0.025,0.001,0.024,0.049,0.054,-0.001,-0.000,0.000,0.002,-0.001,0.000,0.001,0.002,-0.057,-0.004,0.038,0.089,-8.786,-5.323,-1.770,1.609,-0.001,-0.000,0.000,0.001,-0.000,-0.000
286.1,9.641,10.610,-0.000,-3.198,-1.999,-0.934,0.241,0.322,0.404,-0.285,0.068,0.334,0.640,-0.029,0.002,0.027,0.055,0.060,-0.002,-0.000,0.001,0.003,-0.001,0.000,0.001,0.003,-0.064,-0.005,0.043,0.101,-7.695,-4.654,-1.550,1.464,-0.002,-0.001,0.000,0.001,-0.000,-0.000
299.5,8.931,9.900,-0.000,-2.847,-1.771,-0.830,0.217,0.291,0.366,-0.341,0.081,0.405,0.774,-0.033,0.002,0.030,0.061,0.067,-0.002,-0.000,0.001,0.003,-0.001,0.000,0.001,0.003,-0.073,-0.006,0.049,0.114,-6.519,-3.923,-1.311,1.285,-0.002,-0.001,0.000,0.001,-0.000,-0.000
313.6,8.361,9.330,-0.000,-2.674,-1.659,-0.779,0.204,0.274,0.346,-0.381,0.091,0.456,0.869,-0.036,0.002,0.032,0.067,0.073,-0.002,-0.000,0.001,0.003,-0.001,0.000,0.001,0.003,-0.080,-0.006,0.052,0.124,-5.946,-3.561,-1.192,1.181,-0.002,-0.000,0.000,0.001,-0.000,-0.000
328.4,7.538,8.507,-0.000,-2.371,-1.464,-0.691,0.180,0.243,0.309,-0.471,0.112,0.571,1.083,-0.043,0.002,0.034,0.076,0.083,-0.003,-0.000,0.001,0.003,-0.001,0.000,0.001,0.002,-0.094,-0.007,0.059,0.142,-5.016,-2.965,-0.996,0.999,-0.002,-0.000,0.000,0.001,-0.000,-0.000
343.9,7.109,8.078,-0.000,-2.233,-1.376,-0.652,0.170,0.229,0.292,-0.527,0.125,0.643,1.218,-0.047,0.002,0.036,0.081,0.089,-0.003,-0.000,0.001,0.003,-0.002,0.000,0.001,0.002,-0.102,-0.008,0.063,0.153,-4.630,-2.710,-0.913,0.922,-0.002,-0.000,0.000,0.001,-0.000,-0.000
360.1,6.203,7.172,0.000,-1.979,-1.217,-0.580,0.151,0.204,0.260,-0.667,0.160,0.832,1.569,-0.054,0.002,0.041,0.094,0.102,-0.004,-0.000,0.001,0.002,-0.002,0.000,0.001,0.001,-0.120,-0.009,0.073,0.178,-3.992,-2.271,-0.770,0.787,-0.003,-0.001,0.000,0.001,0.000,0.000
377.0,5.766,6.734,0.000,-1.816,-1.113,-0.531,0.140,0.189,0.240,-0.792,0.194,1.010,1.895,-0.057,0.003,0.046,0.102,0.112,-0.004,-0.000,0.001,0.002,-0.002,0.000,0.001,0.001,-0.133,-0.009,0.083,0.198,-3.628,-2.012,-0.682,0.707,-0.002,-0.000,0.000,0.001,0.000,0.000
394.8,5.347,6.316,0.000,-1.675,-1.017,-0.484,0.129,0.175,0.222,-0.937,0.236,1.223,2.281,-0.061,0.003,0.052,0.112,0.122,-0.003,-0.000,0.001,0.003,-0.002,0.000,0.001,0.002,-0.146,-0.010,0.093,0.221,-3.310,-1.797,-0.603,0.634,-0.002,-0.000,0.000,0.001,0.000,0.000
413.4,4.713,5.682,0.000,-1.585,-0.946,-0.446,0.118,0.160,0.205,-1.138,0.292,1.526,2.822,-0.068,0.003,0.058,0.124,0.134,-0.004,-0.000,0.002,0.004,-0.002,0.000,0.002,0.003,-0.164,-0.012,0.105,0.250,-3.041,-1.654,-0.541,0.571,-0.002,-0.000,0.000,0.002,0.000,0.000
432.9,3.866,4.835,0.000,-1.533,-0.916,-0.432,0.114,0.154,0.196,-1.436,0.379,2.000,3.642,-0.077,0.004,0.065,0.141,0.153,-0.004,-0.000,0.002,0.005,-0.002,0.000,0.002,0.004,-0.190,-0.014,0.123,0.292,-2.787,-1.551,-0.512,0.534,-0.003,-0.001,0.000,0.002,0.000,0.000
453.2,3.290,4.259,0.000,-1.486,-0.894,-0.423,0.112,0.152,0.192,-1.676,0.450,2.405,4.324,-0.084,0.004,0.071,0.154,0.167,-0.005,-0.001,0.003,0.006,-0.002,0.000,0.003,0.005,-0.211,-0.015,0.136,0.323,-2.608,-1.470,-0.494,0.520,-0.003,-0.001,0.001,0.003,0.000,0.000
474.6,2.138,3.107,0.000,-1.339,-0.815,-0.393,0.107,0.146,0.185,-2.225,0.623,3.439,6.079,-0.095,0.005,0.082,0.177,0.193,-0.005,-0.001,0.003,0.007,-0.002,0.001,0.003,0.006,-0.250,-0.018,0.164,0.385,-2.260,-1.279,-0.444,0.496,-0.003,-0.001,0.001,0.003,0.000,0.000
496.9,0.605,1.574,0.000,-1.172,-0.712,-0.344,0.095,0.130,0.164,-3.000,0.863,4.839,8.533,-0.107,0.006,0.094,0.201,0.219,-0.005,-0.001,0.003,0.007,-0.003,0.001,0.003,0.006,-0.295,-0.021,0.195,0.455,-1.920,-1.080,-0.376,0.435,-0.003,-0.001,0.001,0.003,0.000,0.000
520.4,-0.083,0.885,0.000,-1.099,-0.667,-0.323,0.090,0.122,0.155,-3.442,0.990,5.541,9.804,-0.114,0.006,0.099,0.213,0.232,-0.006,-0.001,0.003,0.008,-0.003,0.001,0.003,0.006,-0.320,-0.023,0.211,0.493,-1.779,-0.998,-0.348,0.404,-0.003,-0.001,0.001,0.003,0.000,0.000
544.9,-1.251,-0.282,0.000,-0.963,-0.584,-0.283,0.079,0.107,0.136,-4.244,1.196,6.636,11.810,-0.130,0.007,0.112,0.242,0.263,-0.006,-0.001,0.003,0.008,-0.003,0.001,0.003,0.006,-0.381,-0.027,0.252,0.588,-1.521,-0.849,-0.298,0.347,-0.004,-0.001,0.001,0.003,0.000,0.000
570.5,-1.529,-0.560,0.000,-0.873,-0.528,-0.256,0.072,0.097,0.123,-4.229,1.192,6.617,11.822,-0.143,0.008,0.124,0.267,0.290,-0.007,-0.001,0.004,0.009,-0.003,0.001,0.004,0.007,-0.438,-0.032,0.292,0.680,-1.357,-0.755,-0.265,0.311,-0.004,-0.001,0.001,0.003,0.000,0.000
597.4,-1.384,-0.416,0.000,-0.794,-0.480,-0.233,0.065,0.089,0.113,-3.848,1.097,6.120,10.989,-0.156,0.008,0.136,0.292,0.317,-0.007,-0.001,0.004,0.010,-0.003,0.001,0.004,0.008,-0.498,-0.036,0.335,0.777,-1.217,-0.675,-0.237,0.281,-0.004,-0.001,0.001,0.004,0.000,0.000
625.5,-0.923,0.046,0.000,-0.702,-0.423,-0.205,0.058,0.079,0.100,-2.905,0.825,4.614,8.306,-0.178,0.010,0.156,0.334,0.363,-0.008,-0.001,0.005,0.012,-0.004,0.001,0.005,0.010,-0.612,-0.045,0.416,0.962,-1.066,-0.584,-0.204,0.244,-0.005,-0.001,0.001,0.005,0.000,0.000
655.0,-0.639,0.330,0.000,-0.669,-0.402,-0.194,0.055,0.075,0.095,-2.515,0.700,3.877,6.972,-0.189,0.010,0.168,0.358,0.388,-0.009,-0.001,0.005,0.014,-0.004,0.001,0.005,0.011,-0.680,-0.050,0.465,1.070,-1.012,-0.553,-0.192,0.230,-0.005,-0.002,0.001,0.005,0.000,0.000
685.8,-0.243,0.726,-0.000,-0.612,-0.369,-0.177,0.051,0.069,0.087,-1.906,0.512,2.734,4.901,-0.217,0.012,0.197,0.414,0.450,-0.010,-0.001,0.006,0.015,-0.004,0.001,0.006,0.012,-0.851,-0.063,0.593,1.354,-0.910,-0.500,-0.175,0.210,-0.006,-0.002,0.001,0.006,-0.000,-0.000
718.1,-0.133,0.836,-0.000,-0.582,-0.352,-0.169,0.049,0.066,0.084,-1.660,0.443,2.330,4.168,-0.233,0.013,0.212,0.445,0.483,-0.011,-0.001,0.006,0.016,-0.005,0.001,0.006,0.012,-0.954,-0.072,0.672,1.529,-0.853,-0.472,-0.166,0.201,-0.006,-0.002,0.001,0.006,-0.000,-0.000
752.0,-0.112,0.857,-0.000,-0.509,-0.308,-0.148,0.043,0.058,0.074,-1.252,0.328,1.724,3.078,-0.266,0.015,0.243,0.510,0.553,-0.012,-0.002,0.007,0.017,-0.006,0.001,0.006,0.013,-1.208,-0.093,0.876,1.973,-0.733,-0.406,-0.144,0.177,-0.007,-0.002,0.002,0.006,-0.000,-0.000
787.4,-0.181,0.788,-0.000,-0.475,-0.286,-0.137,0.040,0.055,0.069,-1.087,0.280,1.482,2.666,-0.285,0.016,0.261,0.547,0.593,-0.013,-0.002,0.007,0.018,-0.006,0.001,0.007,0.014,-1.371,-0.107,1.010,2.258,-0.679,-0.375,-0.133,0.163,-0.007,-0.002,0.002,0.006,-0.000,-0.000
824.4,-0.293,0.676,0.000,-0.416,-0.249,-0.120,0.035,0.048,0.060,-0.841,0.210,1.110,2.060,-0.326,0.018,0.299,0.627,0.679,-0.014,-0.002,0.008,0.020,-0.007,0.002,0.008,0.016,-1.774,-0.142,1.355,2.979,-0.588,-0.323,-0.114,0.141,-0.008,-0.002,0.002,0.007,0.000,0.000
863.3,-0.479,0.490,0.000,-0.378,-0.226,-0.110,0.032,0.044,0.055,-0.708,0.175,0.915,1.727,-0.362,0.020,0.333,0.698,0.755,-0.016,-0.002,0.009,0.022,-0.007,0.002,0.009,0.017,-2.194,-0.181,1.746,3.784,-0.532,-0.291,-0.103,0.128,-0.008,-0.002,0.002,0.008,0.000,0.000
903.9,-0.722,0.247,0.000,-0.342,-0.204,-0.100,0.029,0.040,0.050,-0.592,0.144,0.748,1.425,-0.403,0.023,0.369,0.776,0.840,-0.017,-0.002,0.010,0.024,-0.008,0.002,0.009,0.019,-2.710,-0.229,2.222,4.743,-0.479,-0.261,-0.093,0.116,-0.009,-0.002,0.002,0.009,0.000,0.000
946.5,-1.252,-0.284,-0.000,-0.300,-0.179,-0.088,0.026,0.035,0.044,-0.476,0.114,0.587,1.127,-0.468,0.027,0.430,0.904,0.978,-0.020,-0.002,0.011,0.028,-0.009,0.002,0.011,0.021,-3.682,-0.321,3.139,6.597,-0.419,-0.227,-0.081,0.101,-0.010,-0.003,0.003,0.010,-0.000,-0.000
991.1,-1.581,-0.612,-0.000,-0.281,-0.168,-0.083,0.024,0.033,0.041,-0.427,0.102,0.524,1.004,-0.506,0.029,0.467,0.980,1.059,-0.021,-0.003,0.012,0.030,-0.009,0.002,0.012,0.023,-4.300,-0.377,3.686,7.716,-0.391,-0.212,-0.075,0.094,-0.011,-0.003,0.003,0.011,-0.000,-0.000
1037.8,-2.076,-1.108,-0.000,-0.246,-0.148,-0.072,0.021,0.029,0.036,-0.350,0.083,0.424,0.813,-0.589,0.034,0.550,1.148,1.240,-0.024,-0.003,0.014,0.035,-0.011,0.002,0.013,0.026,-5.561,-0.481,4.661,9.756,-0.342,-0.185,-0.066,0.082,-0.012,-0.004,0.003,0.012,-0.000,-0.000
1086.6,-2.217,-1.248,-0.000,-0.232,-0.139,-0.067,0.020,0.027,0.034,-0.318,0.075,0.384,0.736,-0.638,0.037,0.598,1.246,1.346,-0.026,-0.003,0.015,0.038,-0.012,0.003,0.014,0.029,-5.954,-0.509,4.922,10.308,-0.320,-0.174,-0.061,0.077,-0.013,-0.004,0.003,0.013,-0.000,-0.000
1137.8,-2.177,-1.209,-0.000,-0.207,-0.122,-0.058,0.017,0.023,0.030,-0.263,0.061,0.314,0.610,-0.755,0.044,0.712,1.484,1.601,-0.030,-0.004,0.018,0.044,-0.014,0.003,0.017,0.033,-5.619,-0.484,4.698,9.853,-0.282,-0.151,-0.053,0.067,-0.015,-0.005,0.004,0.015,-0.000,-0.000
1191.4,-2.021,-1.052,-0.000,-0.195,-0.114,-0.054,0.016,0.021,0.027,-0.240,0.055,0.285,0.557,-0.824,0.049,0.781,1.626,1.752,-0.033,-0.004,0.020,0.047,-0.015,0.003,0.018,0.036,-5.003,-0.436,4.254,8.923,-0.265,-0.141,-0.049,0.062,-0.017,-0.006,0.004,0.016,-0.000,-0.000
1247.5,-1.503,-0.535,-0.000,-0.173,-0.101,-0.049,0.014,0.019,0.024,-0.204,0.046,0.240,0.469,-0.973,0.058,0.940,1.941,2.087,-0.038,-0.005,0.022,0.053,-0.018,0.004,0.020,0.039,-3.698,-0.323,3.155,6.608,-0.236,-0.125,-0.044,0.055,-0.019,-0.006,0.004,0.017,-0.000,-0.000
1306.3,-1.098,-0.129,0.000,-0.157,-0.094,-0.045,0.013,0.017,0.022,-0.177,0.040,0.203,0.396,-1.158,0.070,1.140,2.334,2.504,-0.044,-0.005,0.025,0.058,-0.019,0.004,0.022,0.042,-2.712,-0.229,2.213,4.671,-0.211,-0.114,-0.039,0.048,-0.021,-0.006,0.005,0.018,0.000,0.000
1367.8,-0.980,-0.011,0.000,-0.148,-0.089,-0.043,0.012,0.017,0.021,-0.164,0.037,0.187,0.365,-1.266,0.077,1.263,2.573,2.757,-0.047,-0.005,0.026,0.062,-0.020,0.005,0.023,0.044,-2.330,-0.193,1.847,3.921,-0.199,-0.109,-0.037,0.046,-0.022,-0.006,0.005,0.019,0.000,0.000
1432.2,-0.899,0.070,-0.000,-0.132,-0.079,-0.037,0.011,0.015,0.019,-0.141,0.032,0.159,0.312,-1.523,0.095,1.569,3.158,3.374,-0.055,-0.006,0.031,0.073,-0.022,0.005,0.027,0.051,-1.735,-0.138,1.302,2.796,-0.176,-0.096,-0.033,0.041,-0.024,-0.007,0.006,0.022,-0.000,-0.000
1499.7,-0.884,0.084,-0.000,-0.123,-0.074,-0.035,0.011,0.015,0.019,-0.130,0.030,0.148,0.290,-1.669,0.106,1.751,3.502,3.737,-0.059,-0.006,0.033,0.080,-0.023,0.006,0.029,0.055,-1.513,-0.118,1.113,2.404,-0.165,-0.090,-0.030,0.040,-0.024,-0.007,0.006,0.024,-0.000,-0.000
1570.3,-0.969,-0.001,0.000,-0.105,-0.063,-0.030,0.009,0.013,0.017,-0.111,0.026,0.127,0.250,-2.023,0.131,2.195,4.339,4.620,-0.069,-0.008,0.040,0.096,-0.027,0.007,0.035,0.066,-1.168,-0.088,0.830,1.823,-0.143,-0.077,-0.026,0.035,-0.028,-0.008,0.007,0.028,0.000,0.000
1644.2,-1.062,-0.093,0.000,-0.098,-0.058,-0.028,0.009,0.012,0.016,-0.103,0.025,0.118,0.233,-2.232,0.147,2.466,4.845,5.153,-0.074,-0.009,0.044,0.105,-0.029,0.007,0.038,0.072,-1.035,-0.077,0.726,1.611,-0.133,-0.071,-0.024,0.033,-0.029,-0.008,0.008,0.030,0.000,0.000
1721.7,-1.388,-0.419,0.000,-0.086,-0.049,-0.025,0.008,0.010,0.013,-0.088,0.020,0.102,0.202,-2.741,0.184,3.132,6.082,6.451,-0.089,-0.011,0.052,0.126,-0.034,0.008,0.044,0.085,-0.817,-0.060,0.561,1.266,-0.117,-0.060,-0.022,0.029,-0.034,-0.010,0.009,0.033,0.000,0.000
1802.8,-1.820,-0.851,0.000,-0.077,-0.044,-0.023,0.006,0.008,0.010,-0.077,0.017,0.089,0.176,-3.376,0.231,3.949,7.603,8.048,-0.107,-0.014,0.060,0.151,-0.041,0.009,0.049,0.098,-0.655,-0.048,0.444,1.010,-0.103,-0.054,-0.020,0.025,-0.039,-0.013,0.009,0.035,0.000,0.000
1887.7,-2.038,-1.069,-0.000,-0.073,-0.042,-0.021,0.006,0.008,0.010,-0.072,0.015,0.083,0.165,-3.734,0.256,4.388,8.433,8.923,-0.117,-0.015,0.066,0.166,-0.044,0.010,0.052,0.106,-0.591,-0.043,0.399,0.910,-0.097,-0.051,-0.018,0.023,-0.042,-0.014,0.010,0.037,-0.000,-0.000
1976.6,-2.499,-1.530,-0.000,-0.068,-0.041,-0.020,0.006,0.008,0.010,-0.066,0.015,0.076,0.143,-4.513,0.307,5.245,10.104,10.696,-0.141,-0.017,0.078,0.199,-0.048,0.011,0.059,0.121,-0.485,-0.035,0.323,0.741,-0.089,-0.049,-0.017,0.023,-0.044,-0.013,0.010,0.039,-0.000,-0.000
2069.7,-2.692,-1.724,-0.000,-0.064,-0.039,-0.019,0.006,0.009,0.011,-0.062,0.015,0.072,0.134,-4.864,0.328,5.593,10.800,11.437,-0.156,-0.018,0.087,0.221,-0.052,0.012,0.065,0.131,-0.440,-0.032,0.292,0.671,-0.085,-0.047,-0.017,0.023,-0.046,-0.013,0.011,0.041,-0.000,-0.000
2167.1,-2.848,-1.879,0.000,-0.056,-0.035,-0.018,0.006,0.008,0.010,-0.055,0.014,0.063,0.117,-5.209,0.349,5.926,11.474,12.155,-0.197,-0.022,0.112,0.279,-0.063,0.015,0.079,0.158,-0.365,-0.027,0.242,0.558,-0.075,-0.041,-0.015,0.021,-0.051,-0.014,0.012,0.048,0.000,0.000
2269.2,-2.810,-1.841,0.000,-0.052,-0.032,-0.017,0.006,0.008,0.010,-0.051,0.013,0.059,0.111,-5.124,0.345,5.868,11.353,12.023,-0.223,-0.026,0.128,0.318,-0.071,0.017,0.089,0.175,-0.332,-0.024,0.223,0.511,-0.070,-0.038,-0.014,0.019,-0.055,-0.015,0.013,0.052,0.000,0.000
2376.1,-2.457,-1.488,0.000,-0.047,-0.027,-0.014,0.004,0.006,0.008,-0.043,0.011,0.050,0.098,-4.537,0.311,5.327,10.266,10.859,-0.291,-0.036,0.168,0.415,-0.089,0.021,0.108,0.214,-0.279,-0.020,0.188,0.431,-0.062,-0.032,-0.012,0.015,-0.064,-0.020,0.015,0.060,0.000,0.000
2488.0,-2.209,-1.241,-0.000,-0.044,-0.026,-0.013,0.004,0.005,0.007,-0.040,0.009,0.046,0.090,-4.148,0.285,4.912,9.446,9.988,-0.337,-0.042,0.194,0.477,-0.100,0.023,0.119,0.236,-0.258,-0.018,0.171,0.396,-0.058,-0.031,-0.011,0.013,-0.069,-0.022,0.017,0.064,-0.000,-0.000
2605.1,-1.651,-0.682,0.000,-0.040,-0.024,-0.012,0.003,0.004,0.005,-0.036,0.007,0.041,0.079,-3.402,0.232,4.017,7.710,8.155,-0.455,-0.058,0.264,0.650,-0.124,0.029,0.148,0.292,-0.220,-0.015,0.145,0.341,-0.052,-0.029,-0.010,0.011,-0.078,-0.025,0.019,0.071,0.000,0.000
2727.8,-1.171,-0.203,0.000,-0.035,-0.022,-0.010,0.002,0.003,0.004,-0.031,0.006,0.037,0.070,-2.766,0.185,3.187,6.137,6.501,-0.642,-0.082,0.380,0.928,-0.156,0.037,0.186,0.371,-0.188,-0.012,0.124,0.294,-0.046,-0.026,-0.008,0.010,-0.088,-0.027,0.022,0.080,0.000,0.000
2856.3,-0.968,0.001,0.000,-0.033,-0.020,-0.009,0.002,0.003,0.004,-0.029,0.006,0.035,0.066,-2.496,0.165,2.828,5.468,5.797,-0.778,-0.100,0.466,1.131,-0.177,0.042,0.210,0.420,-0.175,-0.011,0.114,0.273,-0.044,-0.024,-0.007,0.010,-0.095,-0.029,0.023,0.085,0.000,0.000
2990.8,-0.717,0.251,-0.000,-0.030,-0.018,-0.007,0.002,0.003,0.004,-0.025,0.005,0.031,0.056,-2.038,0.132,2.212,4.336,4.606,-1.208,-0.159,0.752,1.785,-0.233,0.054,0.276,0.551,-0.152,-0.010,0.097,0.231,-0.040,-0.021,-0.006,0.009,-0.109,-0.032,0.026,0.096,-0.000,-0.000
3131.7,-0.647,0.322,-0.000,-0.031,-0.018,-0.008,0.002,0.003,0.003,-0.025,0.005,0.029,0.052,-1.852,0.118,1.967,3.886,4.132,-1.538,-0.207,0.986,2.313,-0.269,0.061,0.318,0.635,-0.144,-0.009,0.089,0.212,-0.040,-0.021,-0.007,0.009,-0.118,-0.034,0.026,0.100,-0.000,-0.000
3279.2,-0.782,0.187,-0.000,-0.030,-0.018,-0.009,0.002,0.003,0.003,-0.024,0.005,0.025,0.046,-1.534,0.094,1.567,3.141,3.346,-2.639,-0.381,1.856,4.216,-0.366,0.082,0.441,0.872,-0.126,-0.009,0.078,0.182,-0.037,-0.021,-0.007,0.007,-0.134,-0.039,0.028,0.113,-0.000,-0.000
3433.6,-1.029,-0.060,0.000,-0.028,-0.018,-0.009,0.003,0.003,0.004,-0.024,0.005,0.024,0.044,-1.398,0.085,1.403,2.832,3.019,-3.531,-0.526,2.589,5.826,-0.434,0.098,0.529,1.043,-0.118,-0.008,0.073,0.170,-0.036,-0.021,-0.007,0.007,-0.142,-0.041,0.029,0.121,0.000,0.000
3595.3,-1.624,-0.656,0.000,-0.023,-0.015,-0.007,0.003,0.003,0.004,-0.021,0.005,0.021,0.039,-1.161,0.069,1.132,2.301,2.456,-5.688,-0.845,4.103,9.056,-0.633,0.151,0.809,1.573,-0.100,-0.007,0.063,0.150,-0.029,-0.017,-0.006,0.007,-0.161,-0.048,0.035,0.141,0.000,0.000
3764.7,-1.575,-0.606,0.000,-0.020,-0.012,-0.006,0.002,0.003,0.003,-0.018,0.004,0.017,0.032,-0.966,0.056,0.919,1.880,2.010,-5.430,-0.809,3.933,8.722,-0.999,0.252,1.365,2.607,-0.086,-0.006,0.053,0.131,-0.026,-0.014,-0.005,0.005,-0.184,-0.057,0.042,0.164,0.000,0.000
3942.0,-1.348,-0.379,0.000,-0.019,-0.011,-0.006,0.002,0.002,0.003,-0.017,0.004,0.016,0.030,-0.887,0.051,0.840,1.720,1.842,-4.306,-0.646,3.174,7.119,-1.273,0.333,1.830,3.456,-0.080,-0.005,0.050,0.123,-0.024,-0.013,-0.005,0.005,-0.195,-0.061,0.045,0.175,0.000,0.000
4127.6,-1.345,-0.376,0.000,-0.016,-0.009,-0.005,0.001,0.002,0.003,-0.014,0.003,0.015,0.029,-0.756,0.044,0.711,1.464,1.573,-2.380,-0.340,1.630,3.665,-2.139,0.605,3.436,6.374,-0.071,-0.005,0.045,0.110,-0.022,-0.011,-0.004,0.005,-0.220,-0.069,0.052,0.201,0.000,0.000
4322.0,-1.757,-0.789,0.000,-0.016,-0.009,-0.005,0.001,0.002,0.002,-0.014,0.003,0.014,0.028,-0.698,0.040,0.652,1.349,1.452,-1.783,-0.245,1.142,2.588,-2.820,0.813,4.655,8.621,-0.067,-0.004,0.042,0.104,-0.021,-0.011,-0.004,0.004,-0.236,-0.073,0.055,0.215,0.000,0.000
4525.6,-2.362,-1.394,-0.000,-0.015,-0.009,-0.005,0.001,0.001,0.002,-0.013,0.002,0.012,0.024,-0.587,0.033,0.540,1.127,1.214,-1.030,-0.133,0.578,1.339,-4.003,1.143,6.400,11.468,-0.058,-0.004,0.036,0.089,-0.019,-0.010,-0.004,0.003,-0.277,-0.085,0.064,0.250,-0.000,-0.000
4738.7,-1.986,-1.017,-0.000,-0.014,-0.008,-0.005,0.001,0.001,0.001,-0.012,0.002,0.011,0.023,-0.536,0.030,0.491,1.028,1.108,-0.796,-0.100,0.424,0.985,-3.825,1.098,6.168,11.027,-0.054,-0.004,0.034,0.083,-0.017,-0.010,-0.004,0.003,-0.300,-0.092,0.069,0.271,-0.000,-0.000
4961.9,-0.126,0.843,-0.000,-0.012,-0.007,-0.004,0.001,0.001,0.001,-0.010,0.002,0.011,0.020,-0.462,0.026,0.418,0.881,0.951,-0.546,-0.067,0.283,0.643,-2.389,0.687,3.907,6.918,-0.048,-0.003,0.030,0.073,-0.015,-0.008,-0.003,0.003,-0.347,-0.107,0.081,0.311,-0.000,-0.000
5195.6,0.753,1.722,-0.000,-0.011,-0.007,-0.004,0.001,0.001,0.002,-0.009,0.002,0.010,0.019,-0.433,0.024,0.388,0.819,0.886,-0.472,-0.057,0.247,0.557,-1.793,0.498,2.783,4.836,-0.045,-0.003,0.028,0.067,-0.014,-0.008,-0.003,0.003,-0.374,-0.115,0.087,0.333,-0.000,-0.000
5440.2,1.936,2.905,0.000,-0.009,-0.005,-0.003,0.001,0.001,0.001,-0.008,0.002,0.008,0.016,-0.378,0.021,0.334,0.709,0.768,-0.358,-0.043,0.191,0.443,-1.064,0.271,1.414,2.402,-0.039,-0.003,0.025,0.059,-0.012,-0.006,-0.002,0.003,-0.432,-0.134,0.102,0.384,0.000,0.000
5696.5,2.620,3.589,-0.000,-0.007,-0.005,-0.003,0.000,0.001,0.001,-0.007,0.002,0.007,0.012,-0.314,0.017,0.270,0.569,0.620,-0.262,-0.031,0.139,0.327,-0.658,0.152,0.735,1.280,-0.033,-0.002,0.020,0.048,-0.010,-0.005,-0.002,0.002,-0.488,-0.151,0.114,0.419,-0.000,-0.000
5964.7,2.835,3.804,-0.000,-0.007,-0.005,-0.003,0.000,0.000,0.001,-0.007,0.001,0.006,0.009,-0.279,0.015,0.238,0.503,0.549,-0.219,-0.027,0.115,0.275,-0.511,0.112,0.542,0.968,-0.030,-0.002,0.016,0.041,-0.009,-0.006,-0.002,0.002,-0.511,-0.160,0.119,0.435,-0.000,-0.000
6245.7,3.088,4.057,-0.000,-0.005,-0.004,-0.002,-0.000,-0.000,-0.000,-0.007,0.000,0.004,0.005,-0.214,0.011,0.188,0.403,0.440,-0.148,-0.019,0.079,0.201,-0.305,0.064,0.336,0.613,-0.023,-0.001,0.012,0.031,-0.006,-0.005,-0.002,0.000,-0.555,-0.174,0.131,0.485,-0.000,-0.000
6539.8,3.171,4.140,-0.000,-0.004,-0.003,-0.001,0.000,0.000,-0.000,-0.005,0.000,0.004,0.006,-0.196,0.010,0.177,0.376,0.408,-0.129,-0.016,0.072,0.183,-0.249,0.054,0.283,0.511,-0.021,-0.001,0.012,0.032,-0.006,-0.003,-0.001,0.000,-0.592,-0.183,0.141,0.527,-0.000,-0.000
6847.8,3.308,4.277,-0.000,-0.002,0.000,0.001,0.000,0.000,0.000,-0.002,0.001,0.004,0.006,-0.167,0.008,0.151,0.322,0.349,-0.101,-0.010,0.057,0.146,-0.180,0.039,0.202,0.366,-0.017,-0.001,0.012,0.028,-0.004,-0.000,-0.000,0.000,-0.687,-0.212,0.167,0.621,-0.000,-0.000
7170.3,3.366,4.335,-0.000,-0.002,-0.001,0.000,0.000,0.001,0.001,-0.003,0.001,0.004,0.005,-0.154,0.007,0.139,0.296,0.321,-0.090,-0.009,0.051,0.130,-0.154,0.033,0.174,0.314,-0.016,-0.001,0.010,0.025,-0.004,-0.001,-0.000,-0.000,-0.747,-0.230,0.183,0.673,-0.000,-0.000
7508.0,3.443,4.412,-0.000,-0.004,-0.003,-0.002,0.000,0.000,0.001,-0.005,0.001,0.002,0.003,-0.132,0.005,0.118,0.249,0.273,-0.074,-0.010,0.039,0.103,-0.118,0.023,0.130,0.238,-0.016,-0.002,0.007,0.020,-0.006,-0.004,-0.002,-0.001,-0.885,-0.277,0.218,0.793,-0.000,-0.000
7861.6,3.457,4.426,-0.000,-0.003,-0.003,-0.002,0.001,0.000,0.000,-0.004,0.001,0.000,0.001,-0.112,0.005,0.102,0.212,0.233,-0.058,-0.008,0.033,0.083,-0.092,0.017,0.102,0.189,-0.013,-0.002,0.004,0.017,-0.004,-0.004,-0.002,-0.001,-1.017,-0.322,0.254,0.925,-0.000,-0.000
8231.9,3.470,4.439,0.000,-0.001,-0.001,-0.001,0.000,0.000,0.000,-0.003,0.001,-0.000,-0.000,-0.098,0.004,0.087,0.182,0.201,-0.048,-0.006,0.027,0.068,-0.074,0.013,0.083,0.155,-0.010,-0.001,0.003,0.014,-0.002,-0.001,-0.001,-0.001,-1.171,-0.378,0.295,1.071,0.000,0.000
8619.6,3.497,4.466,0.000,0.001,0.001,-0.001,0.000,0.000,0.000,-0.002,0.001,0.001,0.002,-0.081,0.004,0.076,0.160,0.176,-0.038,-0.005,0.024,0.058,-0.057,0.012,0.069,0.129,-0.007,-0.000,0.005,0.014,0.000,0.001,-0.000,0.000,-1.403,-0.455,0.361,1.284,0.000,0.000
9025.5,3.509,4.477,0.000,0.001,-0.000,-0.001,0.001,0.001,0.001,-0.003,0.001,0.002,0.004,-0.075,0.004,0.072,0.152,0.167,-0.035,-0.005,0.022,0.056,-0.051,0.012,0.064,0.120,-0.007,-0.001,0.007,0.014,0.000,-0.001,-0.001,0.001,-1.541,-0.502,0.398,1.409,0.000,0.000
9450.6,3.516,4.485,0.000,0.000,-0.000,-0.001,0.001,0.001,0.001,-0.002,0.002,0.002,0.002,-0.064,0.004,0.059,0.130,0.142,-0.030,-0.004,0.016,0.045,-0.042,0.010,0.050,0.097,-0.006,-0.001,0.007,0.009,-0.000,-0.001,-0.001,0.001,-1.888,-0.631,0.494,1.723,0.000,0.000
9895.7,3.516,4.484,0.000,0.000,-0.000,-0.001,0.001,0.001,0.001,-0.002,0.002,0.002,0.001,-0.059,0.004,0.053,0.117,0.128,-0.027,-0.003,0.014,0.039,-0.038,0.009,0.044,0.085,-0.005,-0.001,0.006,0.008,-0.000,-0.001,-0.001,0.001,-2.103,-0.712,0.556,1.919,0.000,0.000
10361.7,3.523,4.492,0.000,-0.001,-0.001,-0.001,0.001,0.001,0.001,-0.003,0.001,0.000,0.000,-0.053,0.003,0.041,0.093,0.102,-0.023,-0.003,0.013,0.029,-0.032,0.006,0.032,0.064,-0.006,-0.001,0.003,0.007,-0.002,-0.001,-0.001,0.000,-2.648,-0.919,0.711,2.413,0.000,0.000
10849.7,3.519,4.488,0.000,-0.002,-0.002,-0.001,0.001,0.001,0.001,-0.003,0.001,-0.000,0.001,-0.048,0.003,0.037,0.084,0.092,-0.019,-0.004,0.012,0.025,-0.027,0.005,0.028,0.058,-0.006,-0.001,0.002,0.007,-0.002,-0.002,-0.001,0.000,-2.990,-1.050,0.815,2.730,0.000,0.000
11360.7,3.508,4.477,0.000,-0.001,-0.002,-0.001,0.000,0.001,0.000,-0.002,0.001,0.000,0.001,-0.039,0.002,0.030,0.068,0.074,-0.015,-0.002,0.009,0.020,-0.020,0.004,0.021,0.048,-0.005,-0.000,0.002,0.005,-0.002,-0.002,-0.000,0.000,-3.864,-1.390,1.079,3.552,0.000,0.000
11895.8,3.496,4.465,-0.000,-0.001,-0.002,-0.000,0.000,0.000,0.000,-0.002,0.000,0.002,0.002,-0.032,0.002,0.027,0.057,0.062,-0.013,-0.002,0.008,0.019,-0.018,0.004,0.020,0.042,-0.004,-0.000,0.002,0.005,-0.001,-0.002,-0.001,0.000,-5.061,-1.857,1.450,4.685,-0.000,-0.000
12456.0,3.488,4.456,0.000,-0.002,-0.002,-0.000,0.000,0.000,0.000,-0.002,0.000,0.002,0.002,-0.031,0.002,0.026,0.054,0.058,-0.013,-0.002,0.008,0.019,-0.017,0.004,0.019,0.039,-0.004,-0.000,0.003,0.005,-0.002,-0.002,-0.001,0.000,-5.792,-2.132,1.669,5.373,0.000,0.000
13042.6,3.477,4.446,0.000,-0.002,-0.002,-0.001,0.001,0.001,0.001,-0.001,0.001,0.002,0.003,-0.027,0.002,0.028,0.054,0.058,-0.011,-0.002,0.009,0.022,-0.015,0.004,0.022,0.039,-0.004,-0.000,0.004,0.006,-0.002,-0.002,-0.001,0.001,-7.403,-2.663,2.086,6.766,0.000,0.000
13656.9,3.466,4.435,0.000,-0.001,-0.001,-0.001,0.001,0.001,0.001,-0.001,0.001,0.002,0.003,-0.024,0.002,0.025,0.053,0.056,-0.010,-0.001,0.007,0.019,-0.014,0.004,0.020,0.036,-0.004,-0.000,0.004,0.005,-0.002,-0.001,-0.001,0.001,-8.046,-2.836,2.216,7.224,0.000,0.000
14300.1,3.460,4.429,0.000,-0.002,-0.001,-0.000,0.000,0.000,0.000,-0.001,0.001,0.002,0.001,-0.021,0.001,0.021,0.041,0.046,-0.011,-0.001,0.004,0.015,-0.014,0.003,0.014,0.027,-0.005,-0.000,0.002,0.002,-0.002,-0.001,-0.001,0.000,-7.983,-2.753,2.151,7.031,0.000,0.000
14973.6,3.461,4.430,0.000,-0.003,-0.002,-0.000,-0.000,-0.001,-0.001,-0.001,-0.000,0.000,-0.001,-0.021,-0.000,0.014,0.033,0.037,-0.012,-0.001,0.002,0.009,-0.014,0.002,0.008,0.019,-0.006,-0.001,-0.000,-0.001,-0.004,-0.002,-0.001,-0.001,-7.154,-2.484,1.947,6.356,0.000,0.000
15678.8,3.483,4.452,0.000,-0.004,-0.003,-0.000,-0.001,-0.001,-0.001,-0.001,-0.001,-0.002,-0.004,-0.019,-0.001,0.007,0.019,0.021,-0.013,-0.000,-0.002,0.002,-0.014,-0.001,0.003,0.008,-0.007,-0.001,-0.003,-0.003,-0.005,-0.003,-0.000,-0.002,-4.873,-1.720,1.351,4.411,0.000,0.000
16417.2,3.498,4.466,0.000,-0.003,-0.002,0.000,-0.001,-0.001,-0.001,-0.000,-0.001,-0.002,-0.004,-0.014,-0.001,0.005,0.011,0.012,-0.009,0.000,-0.001,0.001,-0.010,-0.001,0.004,0.003,-0.004,-0.000,-0.003,-0.002,-0.003,-0.002,0.000,-0.001,-3.353,-1.168,0.904,2.978,0.000,0.000
17190.4,3.502,4.471,0.000,-0.002,-0.001,0.000,-0.001,-0.001,-0.001,-0.001,-0.001,0.000,-0.002,-0.012,-0.000,0.003,0.007,0.008,-0.008,0.000,-0.001,-0.000,-0.009,0.000,0.003,0.001,-0.003,-0.000,-0.001,-0.002,-0.003,-0.001,0.000,-0.001,-2.603,-0.888,0.680,2.271,0.000,0.000
18000.0,3.488,4.457,0.000,-0.003,-0.002,-0.000,-0.000,-0.000,-0.000,-0.001,-0.000,0.003,0.001,-0.012,0.001,-0.001,0.002,0.003,-0.009,-0.000,0.000,-0.003,-0.009,0.002,-0.002,-0.002,-0.004,-0.000,0.002,-0.002,-0.003,-0.002,-0.000,0.000,-1.981,-0.655,0.492,1.665,0.000,0.000
