freq_hz,abs_gain_dB,rel_1kHz_dB
41.2,-16.933,-27.420
43.6,-16.933,-27.420
46.2,-11.606,-22.093
49.0,-11.606,-22.093
51.9,-7.418,-17.905
55.0,-7.418,-17.905
58.2,-3.677,-14.164
61.7,-0.589,-11.076
65.4,-0.589,-11.076
69.2,2.205,-8.282
73.4,4.535,-5.951
77.7,4.535,-5.951
82.3,6.451,-4.035
87.2,8.107,-2.379
92.4,9.579,-0.908
97.9,10.744,0.258
103.7,11.746,1.259
109.9,12.556,2.069
116.5,12.679,2.193
123.4,12.500,2.014
130.7,11.676,1.189
138.5,11.541,1.055
146.7,13.049,2.562
155.4,16.001,5.515
164.7,18.355,7.868
174.5,19.520,9.033
184.9,20.016,9.530
195.8,19.424,8.937
207.5,18.479,7.993
219.8,17.142,6.656
232.9,15.775,5.289
246.8,14.666,4.179
261.4,13.936,3.449
277.0,13.474,2.988
293.4,12.942,2.455
310.9,12.528,2.042
329.4,12.166,1.679
349.0,11.891,1.405
369.7,11.638,1.151
391.7,11.293,0.806
415.0,10.619,0.133
439.7,9.516,-0.971
465.8,8.290,-2.197
493.5,6.986,-3.501
522.9,5.564,-4.922
553.9,4.025,-6.462
586.9,3.014,-7.473
621.8,3.361,-7.126
658.8,4.642,-5.844
697.9,6.283,-4.204
739.4,7.942,-2.545
783.4,9.179,-1.307
830.0,9.888,-0.598
879.3,10.123,-0.364
931.6,10.245,-0.242
987.0,10.487,0.000
1045.7,10.951,0.465
1107.9,11.660,1.174
1173.8,12.650,2.163
1243.6,13.813,3.327
1317.5,14.936,4.449
1395.8,15.725,5.238
1478.9,15.974,5.488
1566.8,15.897,5.410
1660.0,15.866,5.379
1758.7,16.057,5.570
1863.2,16.346,5.860
1974.0,16.283,5.797
2091.4,15.455,4.969
2215.8,13.957,3.470
2347.5,12.245,1.758
2487.1,10.578,0.092
2635.0,8.956,-1.530
2791.7,7.315,-3.172
2957.7,5.615,-4.871
3133.6,4.053,-6.433
3319.9,2.985,-7.502
3517.3,2.295,-8.192
3726.5,1.663,-8.823
3948.1,1.357,-9.130
4182.8,1.876,-8.611
4431.5,3.041,-7.445
4695.1,4.309,-6.178
4974.2,5.400,-5.087
5270.0,6.314,-4.172
5583.4,7.130,-3.356
5915.4,7.934,-2.552
6267.2,8.799,-1.687
6639.8,9.776,-0.711
7034.6,10.742,0.256
7452.9,11.416,0.930
7896.1,11.543,1.057
8365.6,11.328,0.841
8863.1,11.183,0.697
9390.1,11.367,0.881
9948.5,11.967,1.480
10540.1,12.982,2.495
11166.8,14.230,3.743
11830.8,15.039,4.552
12534.3,14.498,4.012
13279.6,12.814,2.327
14069.3,10.927,0.440
14905.9,9.368,-1.119
